,Unnamed: 0.4,Unnamed: 0.3,Unnamed: 0.2,Unnamed: 0.1,Unnamed: 0,Solvent,CHEM21,CHEM21 Numerical,Molecular Weight,Boiling Point,Melting Point,Density,Viscosity,Vapour Pressure,Refractive Index,LogP,Dipole Moment,Dielectric Constant,Alpha,Beta,Pi,Dispersion,Polarity,H Bonding,Molar Volume,Functional Group,Grignard,Amide Coupling 1,Amide Coupling 2,Heck,Baylis-Hillman,Suzuki-Miyaura Pd,Suzuki-Miyaura Ni,Buchwald-Hartwig,Alkene Metathesis,SNAr,cost,Alternative Name,Unnamed
0,0.0,0.0,0.0,0.0,0.0,"1,2-Dichloroethane",Highly Hazardous,0.0,98.9596,83.4,-35.6,1.2454,0.78,78.89,1.4422,1.48,1.27,10.74,0.0,0.1,0.81,19.0,7.4,4.1,79.46009314,No Group,,,,,,,,,97.0,,28 £/L,Dichloroethane,
1,1.0,1.0,1.0,1.0,1.0,"1,2-Dimethoxyethane",Hazardous,1.0,90.12,85.0,-58.0,0.863,0.4859,48.0,1.3813,-0.21,1.71,7.2,0.0,0.41,0.53,15.4,6.3,6.0,104.4264195,No Group,52.3,,,,,,,86.0,,,54 £/L,Dimethoxyethane,
2,2.0,2.0,2.0,2.0,2.0,2-Methoxyethanol,Hazardous,1.0,76.095,124.1,-85.1,0.9647,1.544,9.5,1.4024,-0.77,2.04,16.93,0.264705882,0.419019608,0.624716981,16.2,9.2,16.4,78.87944439,No Group,,,,,,,,,,,40 £/L,Methoxyethanol,
3,3.0,3.0,3.0,3.0,3.0,Acetic acid,Problematic,2.0,60.0524,117.9,16.6,1.0446,1.056,15.7,1.372,-0.17,1.7,6.2,1.12,0.45,0.64,14.5,8.0,13.5,57.48841662,No Group,,,,,,,,,,,36 £/L,Acetic acid,
4,4.0,4.0,4.0,4.0,4.0,Acetic anhydride,Problematic,2.0,102.0896,139.5,-73.4,1.082,0.843,5.11,1.3901,-0.27,2.8,20.7,0.0,0.29,0.76,16.0,11.7,10.2,94.35268022,No Group,,,,,,,,,,,40 £/L,Acetic anhydride,
5,5.0,5.0,5.0,5.0,5.0,Acetone,Recommended,3.0,58.0798,56.08,-94.9,0.7845,0.32,231.0,1.3588,-0.24,2.88,20.7,0.08,0.43,0.71,15.5,10.4,7.0,74.03416189,No Group,,,,,,,96.0,,,,28 £/L,Acetone,
6,6.0,6.0,6.0,6.0,6.0,Acetonitrile,Problematic,2.0,41.0524,81.6,-44.0,0.79,0.35,88.8,1.33934,-0.34,3.94,37.5,0.19,0.4,0.75,15.3,18.0,6.1,51.96506329,No Group,,,80.0,58.0,50.0,,99.0,,,,73 £/L,Acetonitrile,
7,7.0,7.0,7.0,7.0,7.0,Anisole,Recommended,3.0,108.14,153.7,-37.3,0.9956,0.778,3.54,1.51791,2.11,1.36,4.3,0.0,0.32,0.73,17.8,4.1,6.8,108.6179188,No Group,,,,,,97.0,,16.0,,,32 £/L,,
8,8.0,8.0,8.0,8.0,8.0,Benzene,Highly Hazardous,0.0,78.1134,80.08,5.558,0.8756,0.604,94.8,1.5011,2.13,0.0,2.275,0.0,0.1,0.59,18.4,0.0,2.0,89.21128369,Arene,,,,,,,,,,,48 £/L,Benzene,
9,9.0,9.0,9.0,9.0,9.0,Benzotrifluoride,No Ranking,,146.11,103.46,-29.05,1.1886,0.5524,38.83,1.41486,3.01,2.86,9.18,0.264705882,0.419019608,0.624716981,17.5,8.8,0.0,122.9261316,No Group,,,,,,,,,,,71 £/L,,
10,10.0,10.0,10.0,10.0,10.0,Benzyl alcohol,Problematic,2.0,108.1396,205.3,-15.2,1.0419,5.474,0.094,1.5396,1.1,1.71,13.0,0.6,0.52,0.98,18.4,6.3,13.7,103.7907669,No Group,,,,,,,,,,,25 £/L,Benzyl alcohol,
11,11.0,11.0,11.0,11.0,11.0,Carbon tetrachloride,Highly Hazardous,0.0,153.823,76.7,-22.2,1.594,0.91,115.0,1.4601,2.83,0.0,2.3,0.0,0.1,0.28,17.8,0.0,0.6,96.50125471,No Group,,,,,,,,,,,10000 £/L,Carbontetrachloride,
12,12.0,12.0,12.0,12.0,12.0,Chloroform,Highly Hazardous,0.0,119.3779,61.12,-63.47,1.484,0.54,197.0,1.4459,1.97,1.01,4.8,0.2,0.1,0.58,17.8,3.1,5.7,80.44332884,No Group,,,,,,,,,,,30 £/L,Chloroform,
13,13.0,13.0,13.0,13.0,13.0,Cyclohexane,Problematic,2.0,84.1608,80.7,6.47,0.7781,0.89,97.5,1.42662,3.44,0.61,2.0,0.0,0.0,0.0,16.8,0.0,0.2,108.1619329,Alkane,,,,,,,,,,,21.5 £/L,Cyclohexane,
14,14.0,14.0,14.0,14.0,14.0,Cyclohexanone,Problematic,2.0,98.1444,155.4,-31.0,0.9421,2.02,5.0,1.4507,0.81,3.08,16.02,0.0,0.53,0.76,17.8,6.3,5.1,104.1762021,No Group,,,,,,,,,,,29 £/L,Cyclohexanone,
15,15.0,15.0,15.0,15.0,15.0,Cyclopentyl methyl ether,No Ranking,,100.1602,105.45,-140.0,0.86,0.549,34.6,1.4235,1.59,1.27,4.76,0.0,0.53,0.42,16.7,4.3,4.3,116.4653488,No Group,61.0,100.0,,14.5,50.0,98.0,,63.0,73.0,,87 £/L,,
16,16.0,16.0,16.0,16.0,16.0,Cyrene,No Ranking,,128.13,227.0,-20.0,1.25,11.62,0.11,1.4712,-0.71,4.4,3.4,0.0,0.61,0.93,18.8,10.6,6.9,102.504,No Group,,,,58.0,100.0,,,,,51.0,122 £/L,,
17,17.0,17.0,17.0,17.0,17.0,Dichloromethane,Hazardous,1.0,84.9328,39.75,-95.0,1.3255,0.41,435.0,1.4244,1.25,1.6,9.1,0.13,0.1,0.82,18.2,6.3,6.1,64.07604677,No Group,,100.0,91.0,,,,,,97.0,,19 £/L,Dichloromethane,
18,18.0,18.0,18.0,18.0,18.0,Diethyl ether,Highly Hazardous,0.0,74.1224,34.6,-116.3,0.7134,0.22,538.0,1.35555,0.89,1.15,4.3,0.0,0.47,0.27,14.5,2.9,5.1,103.9001962,No Group,81.0,,,,,,,,,,20 £/L,Diethyl ether,
19,19.0,19.0,19.0,19.0,19.0,Dimethyl carbonate,No Ranking,,90.0786,90.5,0.5,1.0636,0.664,55.364,1.3687,0.15,0.93,3.17,0.0,0.32,0.44,15.5,3.9,9.7,84.69217751,No Group,,100.0,,,,98.0,,,93.0,,41 £/L,,
20,20.0,20.0,20.0,20.0,20.0,Dimethyl sulfoxide,Problematic,2.0,78.1288,189.0,18.45,1.1,1.99,0.6,1.4783,-1.35,3.96,46.68,0.0,0.76,1.0,18.4,16.4,10.2,71.02618182,No Group,,,87.0,63.5,60.0,,0.0,,,,160 £/L,Dimethylsulfoxide,
21,21.0,21.0,21.0,21.0,21.0,Dioxane,Hazardous,1.0,88.11,101.2,11.75,1.0337,1.18,38.1,1.4224,-0.27,0.0,2.2,0.0,0.37,0.55,19.0,1.8,7.4,85.23749637,No Group,,,,,,,,,,,56 £/L,Dioxane,
22,22.0,22.0,22.0,22.0,22.0,Ethanol,Recommended,3.0,46.0688,78.24,-114.1,0.7893,1.07,59.3,1.3611,-0.31,1.69,24.55,0.86,0.75,0.54,15.8,8.8,19.4,58.366654,Alcohol,,,,,,,,,,,40 £/L,Ethanol,
23,23.0,23.0,23.0,23.0,23.0,Ethyl acetate,Recommended,3.0,88.106,77.1,-83.8,0.9003,0.42,93.2,1.3723,0.73,1.78,6.0,0.0,0.45,0.55,15.8,5.3,7.2,97.86293458,No Group,,100.0,89.0,,,95.0,100.0,72.0,97.0,,28 £/L,Ethyl acetate,
24,24.0,24.0,24.0,24.0,24.0,Ethyl lactate,No Ranking,,118.13,154.0,-26.0,1.0328,2.398,3.75,1.4124,-0.19,2.55,13.1,0.69,0.52,0.82,16.0,7.6,12.5,114.3783888,No Group,,,,,,,,,,,55 £/L,,
25,25.0,25.0,25.0,25.0,25.0,Ethylene carbonate,No Ranking,,88.0628,248.0,36.4,1.3214,1.93,0.00979,1.4148,-0.9,4.51,89.78,0.0,0.32,0.99,19.4,21.7,5.1,66.64355986,No Group,,,,,,,,,,,38 £/L,,
26,26.0,26.0,26.0,26.0,26.0,Ethylene glycol,Recommended,3.0,62.0682,197.3,-12.69,1.1135,16.1,0.092,1.4318,-1.36,2.31,37.7,0.9,0.52,0.92,17.0,11.0,26.0,55.7415357,No Group,,,,,,,,,,,23 £/L,Ethylene Glycol,
27,27.0,27.0,27.0,27.0,27.0,Gamma-valerolactone,No Ranking,,100.12,205.0,-31.0,1.05,1.86,0.33,1.4313,-0.27,4.71,36.14,0.0,0.58,0.88,15.5,4.7,6.6,95.35238095,No Group,,,,78.5,73.0,63.0,,25.0,,86.0,98 £/L,,
28,28.0,28.0,28.0,28.0,28.0,Heptane,Problematic,2.0,100.2034,98.38,-90.549,0.6795,0.395,46.03,1.3855,4.66,0.0,1.92,0.0,0.0,-0.08,15.3,0.0,0.0,147.4663723,Alkane,,,,,,,,,,,47 £/L,Heptane,
29,29.0,29.0,29.0,29.0,29.0,Hexafluoroisopropanol,No Ranking,,168.05,58.9,-3.9,1.596,1.58,158.0,1.275,1.91,2.05,16.7,1.96,0.0,0.65,17.2,4.5,14.7,105.2944862,No Group,,,,,,,,,,,1000 £/L,,
30,30.0,30.0,30.0,30.0,30.0,Hexamethylphosphoramide,Highly Hazardous,0.0,179.2,233.0,6.1,1.03,3.24,0.03,1.4572,0.28,4.19,29.0,0.0,1.05,0.87,18.4,8.6,11.3,173.9805825,No Group,,,,,,,,,,,452 £/L,HMPA,
31,31.0,31.0,31.0,31.0,31.0,Hexane,Hazardous,1.0,86.1766,68.7,-95.35,0.6606,0.295,153.0,1.3727,3.9,0.0,1.88,0.0,0.0,-0.04,14.9,0.0,0.0,130.4520133,Alkane,,,,,,,,,,,70 £/L,hexane,
32,32.0,32.0,32.0,32.0,32.0,i-Amyl alcohol,No Ranking,,88.1492,132.5,-117.2,0.813,3.738,2.37,1.4075,1.16,1.7,15.2,0.84,0.86,0.4,15.8,5.2,13.3,108.4246002,No Group,,,,,,,,,,,62 £/L,,
33,33.0,33.0,33.0,33.0,33.0,i-Butanol,No Ranking,,74.1224,108.0,-108.0,0.8018,3.332,10.4,1.3955,0.76,1.64,17.7,0.79,0.84,0.4,15.1,5.7,15.9,92.44499875,Alcohol,,,,,,,,,,,60 £/L,,
34,34.0,34.0,34.0,34.0,34.0,Isopropyl alcohol,Recommended,3.0,60.0956,82.3,-88.5,0.78509,2.04,45.4,1.377,0.05,1.59,19.4,0.76,0.95,0.48,15.8,6.1,16.4,76.54612847,Alcohol,,100.0,,,,,,,31.0,,47 £/L,,
35,35.0,35.0,35.0,35.0,35.0,Isopropylacetate,Recommended,3.0,102.1328,88.6,-73.4,0.8718,0.49,60.37,1.3773,1.02,1.75,6.3,0.0,0.4,0.53,14.9,4.5,8.2,117.1516403,No Group,,,,,,96.0,100.0,77.0,,,27 £/L,isopropylacetate,
36,36.0,36.0,36.0,36.0,36.0,Methanol,Recommended,3.0,32.042,64.7,-97.8,0.7866,0.54,127.0,1.3292,-0.77,1.7,32.7,0.98,0.66,0.6,15.1,12.3,22.3,40.73480803,Alcohol,,,,,,,,,28.0,,31 £/L,Methanol,
37,37.0,37.0,37.0,37.0,37.0,Methyl cyclohexane,Problematic,2.0,98.1876,100.9,-126.6,0.7694,0.687,46.0,1.4231,3.61,0.0,2.02,0.264705882,0.419019608,-0.01,16.0,0.0,1.0,127.6158045,Alkane,,,,,,,,,,,30 £/L,Methylcyclohexane,
38,38.0,38.0,38.0,38.0,38.0,Methyl ethyl ketone,Recommended,3.0,72.1066,79.59,-86.67,0.7997,0.41,90.6,1.3788,0.29,2.76,18.4,0.06,0.48,0.67,16.0,9.0,5.1,90.16706265,No Group,,,,,,,,,,,24 £/L,MEK,
39,39.0,39.0,39.0,39.0,39.0,Methyl isobutyl ketone,Recommended,3.0,100.1602,115.7,-85.0,0.7965,0.55,19.9,1.3962,1.31,2.7,13.11,0.02,0.48,0.65,15.3,6.1,4.1,125.750408,No Group,,,,,,,,,,,30 £/L,Methyl isobutyl ketone,
40,40.0,40.0,40.0,40.0,40.0,Methyl tert-butyl ether,Hazardous,1.0,88.1492,55.1,-108.6,0.7353,0.319,250.0,1.3664,0.94,1.36,2.6,0.264705882,0.419019608,0.624716981,14.8,4.3,5.0,119.8819529,No Group,,100.0,,,,98.0,100.0,92.0,,,45 £/L,t-Butyl methyl ether,
41,41.0,41.0,41.0,41.0,41.0,Methyl tetrahydrofuran,Problematic,2.0,86.1334,81.0,-136.0,0.85,0.4753,81.8,1.406,0.82,1.38,6.97,0.0,0.58,0.53,16.9,5.0,4.3,101.3334118,No Group,81.0,100.0,,,,96.0,100.0,98.0,38.0,,54 £/L,Methyl tetrahydrofuran,
42,42.0,42.0,42.0,42.0,42.0,Dimethylethylene urea,No Ranking,,114.15,225.0,8.0,1.058,1.9256,0.1,1.472,-0.03,2.64,37.6,0.264705882,0.419019608,0.624716981,17.8,9.5,9.3,107.8922495,No Group,,,,,,,,,,,318 £/L,,
43,43.0,43.0,43.0,43.0,43.0,Dimethylformamide,Hazardous,1.0,73.0944,152.8,-60.3,0.9445,0.79,3.87,1.42083,-1.01,3.82,36.71,0.0,0.69,0.88,17.4,13.7,11.3,77.38951826,No Group,,100.0,,69.0,88.0,,,,,,32 £/L,Dimethylformamide,
44,44.0,44.0,44.0,44.0,44.0,Dimethylpropylene urea,Problematic,2.0,128.18,246.5,-23.0,1.06,2.917,0.0,1.472,-0.03,4.17,36.12,0.264705882,0.419019608,1.08,18.0,10.5,9.7,120.9245283,No Group,,,,,,,,,,,350 £/L,,
45,45.0,45.0,45.0,45.0,45.0,Nitrobenzene,No Ranking,,123.11,210.8,5.7,1.2037,1.863,0.245,1.5562,1.85,4.23,36.09,0.0,0.3,1.01,20.1,8.6,4.1,102.2763147,No Group,,,,,,,,,,,52 £/L,,
46,46.0,46.0,46.0,46.0,46.0,Nitromethane,Highly Hazardous,0.0,64.059,101.1,-28.7,1.1371,0.63,35.8,1.3817,-0.35,3.46,39.4,0.22,0.06,0.85,15.8,18.8,5.1,56.33541465,No Group,,,,,,,,,,,96 £/L,Nitromethane,
47,47.0,47.0,47.0,47.0,47.0,N-methylpyrrolidinone,Hazardous,1.0,85.15,202.0,-25.0,1.027,1.65,0.345,1.469,-0.38,4.09,32.2,0.0,0.77,0.92,18.0,12.3,7.2,82.91139241,No Group,,,,69.0,100.0,,,,,,37 £/L,N-methylpyrolidine,
48,48.0,48.0,48.0,48.0,48.0,Pentane,Hazardous,1.0,72.1498,36.06,-129.67,0.6262,0.216,514.04,1.3575,3.39,0.0,1.8,0.0,0.0,-0.08,15.6,0.0,0.0,115.2184606,Alkane,,,,,,,,,,,71 £/L,Pentane,
49,49.0,49.0,49.0,49.0,49.0,Propylene carbonate,No Ranking,,102.09,241.6,-48.8,1.2047,2.5,0.045,1.4189,-0.41,4.77,62.93,0.0,0.38,0.9,20.0,18.0,4.1,84.74308957,No Group,,,,70.0,80.0,37.0,,22.0,,36.0,43 £/L,,
50,50.0,50.0,50.0,50.0,50.0,p-Xylene,Problematic,2.0,106.167,138.3,13.3,0.86104,0.6,8.84,1.49575,3.15,0.0,2.27,0.0,0.12,0.43,17.6,1.0,3.1,123.3008919,Arene,,,,,,,,,,,49 £/L,,
51,51.0,51.0,51.0,51.0,51.0,Pyridine,Hazardous,1.0,79.1,115.25,-41.6,0.98272,0.88,20.8,1.5092,0.65,2.19,12.5,0.0,0.64,0.87,19.0,8.8,5.9,80.49088245,No Group,,,,,,,,,,,130 £/L,Pyridine,
52,52.0,52.0,52.0,52.0,52.0,t-Butanol,Recommended,3.0,74.1224,82.3,25.7,0.7886,4.3839,40.7,1.3878,0.35,1.31,10.9,0.42,0.93,0.41,15.2,5.1,14.7,93.99239158,Alcohol,,,,,,,,,,,34 £/L,t-Butanol,
53,53.0,53.0,53.0,53.0,53.0,Tetrahydrofuran,Problematic,2.0,72.1066,65.0,-108.44,0.89,0.46,162.0,1.407,0.47,1.7,7.58,0.0,0.55,0.58,16.8,5.7,8.0,81.01865169,No Group,54.0,,84.0,,,94.0,,,,,27 £/L,Tetrahydrofuran,
54,54.0,54.0,54.0,54.0,54.0,Toluene,Problematic,2.0,92.1402,110.6,-94.9,0.8623,0.56,28.4,1.4967,2.73,0.36,2.33,0.0,0.11,0.54,18.0,1.4,2.0,106.8539951,Arene,,,,12.5,,,100.0,,,,30 £/L,Toluene,
55,55.0,55.0,55.0,55.0,55.0,Trifluoroethanol,No Ranking,,100.04,74.5,-44.0,1.391,1.768,71.3,1.29,0.31,2.52,8.55,1.51,0.0,0.73,15.4,8.3,16.4,71.91948239,No Group,,,,,,,,,,,358 £/L,,
56,56.0,56.0,56.0,56.0,56.0,Water,Recommended,3.0,18.0152,100.0,0.0,0.995,0.89,23.8,1.333,-1.38,1.857,80.1,1.17,0.47,1.09,15.5,16.0,42.4,18.10572864,No Group,,,,,,,,,,,1 £/L,Water,
57,57.0,57.0,57.0,58.0,,"1,3-Propanediol",,,,214.0,,,,,,,,,0.8,0.77,0.84,16.8,13.5,23.2,71.8127772,,,,,,,,,,,,,,
58,58.0,58.0,58.0,60.0,,1-Butanol,,,,118.0,,,,,,,,,0.73,0.85,0.61,16.0,5.7,15.8,91.50617284,,,,,,,,,,,,,,
59,59.0,59.0,59.0,70.0,,Butyl acetate,,,,126.0,,,,,,,,,0.0,0.45,0.46,14.8,4.3,5.0,132.1,,,,,,,,,,,,,,
60,60.0,60.0,60.0,73.0,,Chlorobenzene,,,,132.0,,,,,,,,,0.0,0.07,0.71,19.0,4.3,2.0,101.7721519,,,,,,,,,,,,,,
61,61.0,61.0,61.0,81.0,,Diethyl succinate,,,,218.0,,,,,,,,,,,,16.1,7.7,8.8,166.3705826,,,,,,,,,,,,,,
62,62.0,62.0,62.0,82.0,,Diisopropyl ether,,,,69.0,,,,,,,,,0.0,0.49,0.27,13.7,3.2,2.3,140.9241379,,,,,,,,,,,,,,
63,63.0,63.0,63.0,85.0,,Dimethyl isosorbide,,,,240.0,,,,,,,,,0.0,0.43,0.84,,,,151.4695652,,,,,,,,,,,,,,
64,64.0,64.0,64.0,88.0,,d-Limonene,,,,176.0,,,,,,,,,0.0,0.0,0.16,16.5,0.6,0.0,161.7933492,,,,,,,,,,,,,,
65,65.0,65.0,65.0,92.0,,Ethyl tertbutyl ether,,,,73.0,,,,,,,,,,,,,,,137.6954178,,,,,,,,,,,,,,
66,66.0,66.0,66.0,95.0,,Eucalyptol,,,,176.0,,,,,,,,,0.0,0.61,0.36,,,,167.2,,,,,,,,,,,,,cineole,
67,67.0,67.0,67.0,96.0,,Formic acid,,,,101.0,,,,,,,,,1.23,0.38,0.65,14.6,10.0,14.0,37.7295082,,,,,,,,,,,,,,
68,68.0,68.0,68.0,98.0,,Glycerol,,,,290.0,,,,,,,,,0.93,0.67,1.04,17.4,11.3,27.2,73.672,,,,,,,,,,,,,,
69,69.0,69.0,69.0,99.0,,Glycol diacetate,,,,186.0,,,,,,,,,,,,,,,132.3731884,,,,,,,,,,,,,,
70,70.0,70.0,70.0,102.0,,Isoamyl acetate,,,,142.0,,,,,,,,,,,,15.3,3.1,7.0,148.6073059,,,,,,,,,,,,,,
71,71.0,71.0,71.0,103.0,,Isoamyl alcohol,,,,130.0,,,,,,,,,0.84,0.86,0.4,15.8,5.2,13.3,108.9616811,,,,,,,,,,,,,,
72,72.0,72.0,72.0,105.0,,Isobutyl acetate,,,,115.0,,,,,,,,,,,,15.1,3.7,6.3,133.9792388,,,,,,,,,,,,,,
73,73.0,73.0,73.0,107.0,,Isopropyl acetate,,,,89.0,,,,,,,,,,,,14.9,4.5,8.0,117.1215596,,,,,,,,,,,,,,
74,74.0,74.0,74.0,108.0,,Lactic acid,,,,230.0,,,,,,,,,,,,,,,74.50785773,,,,,,,,,,,,,,
75,75.0,75.0,75.0,110.0,,Methyl acetate,,,,57.0,,,,,,,,,0.0,0.42,0.6,15.5,7.2,7.6,79.31477516,,,,,,,,,,,,,,
76,76.0,76.0,76.0,114.0,,Methylcyclohexane,,,,101.0,,,,,,,,,,,,16.0,0.0,1.0,127.5194805,,,,,,,,,,,,,,
77,77.0,77.0,77.0,115.0,,"N,N-Dimethyl acetamide",,,,166.0,,,,,,,,,0.0,0.73,0.85,16.8,11.5,9.4,92.97758805,,,,,,,,,,,,,,
78,78.0,78.0,78.0,118.0,,N-Butyl pyrrolidone,,,,241.0,,,,,,,,,0.0,0.92,0.77,,,,147.0,,,,,,,,,,,,,,
79,79.0,79.0,79.0,120.0,,p-Cymene,,,,177.0,,,,,,,,,0.0,0.13,0.39,18.0,3.5,2.7,156.0697674,,,,,,,,,,,,,,
80,80.0,80.0,80.0,122.0,,Poly(ethylene glycol) 400,,,,206.0,,,,,,,,,0.31,0.68,0.87,,,,355.24,,,,,,,,,,,,,,
81,81.0,81.0,81.0,125.0,,Sulpholane,,,,285.0,,,,,,,,,0.0,0.3,0.96,,,,95.29738303,,,,,,,,,,,,,,
82,82.0,82.0,82.0,127.0,,Tertamyl methyl ether,,,,86.0,,,,,,,,,,,,15.2,4.5,2.5,132.6883117,,,,,,,,,,,,,,
83,83.0,83.0,83.0,129.0,,Tetrahydrofurfuryl alcohol,,,,178.0,,,,,,,,,,,,17.8,8.2,12.9,96.89753321,,,,,,,,,,,,,,
84,84.0,84.0,84.0,130.0,,Tetramethyloxolane ,,,,112.0,,,,,,,,,0.0,0.77,0.35,,,,159.9,,,,,,,,,,,,,TMO,
85,85.0,85.0,85.0,132.0,,Triacetin,,,,258.0,,,,,,,,,0.0,0.45,0.62,,,,188.1034483,,,,,,,,,,,,,,
86,86.0,86.0,86.0,133.0,,Triethylamine,,,,89.0,,,,,,,,,0.0,0.71,0.14,15.5,0.4,1.0,139.3801653,,,,,,,,,,,,,,
87,87.0,87.0,87.0,134.0,,Turpentine,,,,156.0,,,,,,,,,0.0,0.0,0.11,,,,158.7762238,,,,,,,,,,,,,pinene,
88,88.0,88.0,0.0,,,3-methoxybutan-1-ol,#9ACD32,9.0,"104,,",157.0,,,2.28,0.908,1.408,0.002,,,,,,15.3,5.4,13.6,113.2,,,,,,,,,,,,,,
89,89.0,89.0,0.0,,,3-pentanone,#9ACD32,10.0,"86,,",101.9,,,0.45,37.653,1.392,0.85,,,,,,15.8,7.6,4.7,106.4,,,,,,,,,,,,,,
90,90.0,90.0,0.0,,,4-methylpentan-2-one,#9ACD32,9.0,"100,,",116.5,,,0.54,19.877,13.962,1.19,,,,,,15.3,6.1,4.1,125.8,,,,,,,,,,,,,,
91,91.0,91.0,0.0,,,Benzyl acetate,#FFD700,9.0,"150,,",213.0,,,2.3,0.18,1.501,2.0,,,,,,18.3,5.7,6.0,143.7,,,,,,,,,,,,,,
92,92.0,92.0,0.0,,,Butyl formate,#FFD700,12.0,"102,,",107.0,,,30.0,28.9,1.391,1.32,,,,,,15.7,6.5,9.2,115.2,,,,,,,,,,,,,,
93,93.0,93.0,0.0,,,cyclohexanol,#9ACD32,8.0,"100,,",161.0,,,57.5,1.0,1.465,13.114,,,,,,17.4,4.1,13.5,105.7,,,,,,,,,,,,,,
94,94.0,94.0,0.0,,,decanol,#FFD700,9.0,"158,,",231.1,,,10.99,0.008,1.439,4.11,,,,,,16.0,4.7,10.5,191.8,,,,,,,,,,,,,,
95,95.0,95.0,0.0,,,Dibenzyl ether,#FFD700,9.0,"198,,",295.0,,,3.71,0.001,154.057,3.4,,,,,,17.4,3.7,7.4,190.6,,,,,,,,,,,,,,
96,96.0,96.0,0.0,,,Dibutyl ether,#FFD700,10.0,"130,,",140.0,,,0.69,6.01,13.992,3.21,,,,,,15.2,3.4,3.2,170.4,,,,,,,,,,,,,,
97,97.0,97.0,0.0,,,dibutylsuccinate,#FFD700,9.0,"230,,",274.5,,,4.0,0.016,14.273,24.532,,,,,,16.1,7.7,8.8,238.3,,,,,,,,,,,,,,
98,98.0,98.0,0.0,,,Diisopropyl ether,#FF6347,17.0,"102,,",68.0,,,0.38,149.262,1.368,1.52,,,,,,13.7,3.2,2.3,141.8,,,,,,,,,,,,,,
99,99.0,99.0,0.0,,,Ethyl butyrate,#9ACD32,8.0,"116,,",121.5,,,0.63,14.476,1.392,1.7,,,,,,15.5,5.6,5.0,132.9,,,,,,,,,,,,,,
100,100.0,100.0,0.0,,,Ethyl cyclopentane,#FFD700,11.0,"98,,",103.0,,,0.535,38.0,1.426,3.85,,,,,,16.5,1.2,2.0,125.6,,,,,,,,,,,,,,
101,101.0,101.0,0.0,,,ethyl isopropyl ketone,#FFD700,11.0,"100,,",113.5,,,0.45,18.076,1.397,1.331,,,,,,16.0,7.6,4.7,124.9,,,,,,,,,,,,,,
102,102.0,102.0,0.0,,,Ethyl lactate,#FFD700,12.0,"118,",154.0,,,2.4,1.163,14.124,0.06,,,,,,16.0,7.6,12.5,112.6,,,,,,,,,,,,,,
103,103.0,103.0,0.0,,,Ethyl propionate,#FFD700,11.0,"102,,",99.1,,,0.5,35.928,1.381,1.21,,,,,,15.5,6.1,4.9,115.6,,,,,,,,,,,,,,
104,104.0,104.0,0.0,,,ethylene carbonate,#FFD700,10.0,"88,,",248.0,,,1.93,0.01,1.416,0.34,,,,,,18.0,21.7,5.1,66.0,,,,,,,,,,,,,,
105,105.0,105.0,0.0,,,n-Hexyl acetate,#9ACD32,9.0,"144,",171.5,,,1.05,1.32,1.409,2.87,,,,,,15.8,2.9,5.9,166.1,,,,,,,,,,,,,,
106,106.0,106.0,0.0,,,Isobutyl acetate,#9ACD32,9.0,"116,,",116.5,,,0.69,17.776,1.4,1.72,,,,,,15.1,3.7,6.3,133.8,,,,,,,,,,,,,,
107,107.0,107.0,0.0,,,isopropylacetate,#9ACD32,10.0,"102,,",88.6,,,0.56,60.38,13.773,1.03,,,,,,14.9,4.5,8.2,117.6,,,,,,,,,,,,,,
108,108.0,108.0,0.0,,,Lactic acid butyl ester,#9ACD32,8.0,"146,",186.0,,,5.63,0.17,1.42,0.98,,,,,,15.8,6.5,10.2,149.0,,,,,,,,,,,,,,
109,109.0,109.0,0.0,,,Methyl acetate,#FFD700,13.0,"74,,",57.4,,,0.364,21.602,13.614,0.18,,,,,,15.5,7.2,7.6,79.8,,,,,,,,,,,,,,
110,110.0,110.0,0.0,,,Methyl amyl acetate,#9ACD32,10.0,"144,,",147.5,,,0.98,28.802,1.409,19.841,,,,,,15.2,3.1,6.8,167.4,,,,,,,,,,,,,,
111,111.0,111.0,0.0,,,Methyl isopropyl ketone,#9ACD32,10.0,"86,,",94.0,,,0.454,52.714,1.388,0.84,,,,,,15.8,6.8,5.0,107.8,,,,,,,,,,,,,,
112,112.0,112.0,0.0,,,Methyl laurate,#FFD700,9.0,"214,,",267.0,,,3.0,0.004,1.432,5.41,,,,,,16.1,3.6,4.2,247.2,,,,,,,,,,,,,,
113,113.0,113.0,0.0,,,Methylcyclohexane,#FFD700,15.0,"98,,",100.93,,,0.679,46.35,14.231,3.88,,,,,,16.0,0.0,1.0,128.2,,,,,,,,,,,,,,
114,114.0,114.0,0.0,,,n-Butyl Acetate,#9ACD32,9.0,"116,,",126.4,,,0.6,11.498,13.941,1.81,,,,,,15.8,3.7,6.3,132.6,,,,,,,,,,,,,,
115,115.0,115.0,0.0,,,n-Butyl Propionate,#9ACD32,9.0,"130,,",146.4,,,0.78,3.44,1.401,2.34,,,,,,15.7,5.5,5.9,149.3,,,,,,,,,,,,,,
116,116.0,116.0,0.0,,,n-pentyl propionate,#9ACD32,9.0,"144,,",169.0,,,1.0,3.6,1.41,2.823,,,,,,15.8,5.2,5.7,165.3,,,,,,,,,,,,,,
117,117.0,117.0,0.0,,,octanol,#9ACD32,8.0,"130,,",195.1,,,7.31,0.08,1.427,2.8,,,,,,16.0,5.0,11.9,158.2,,,,,,,,,,,,,,
118,118.0,118.0,0.0,,,o-xylene,#FFD700,11.0,"106,,",144.5,,,0.76,6.608,1.503,3.12,,,,,,17.8,1.0,3.1,121.1,,,,,,,,,,,,,,
119,119.0,119.0,0.0,,,R-limonene (+) (D),#FFD700,13.0,"136,,",176.0,,,0.923,1.98,1.47,4.57,,,,,,16.5,0.6,0.0,162.9,,,,,,,,,,,,,,
120,120.0,120.0,0.0,,,tert-Amyl methyl ether,#9ACD32,11.0,"102,,",86.3,,,0.46,75.2,13.862,1.55,,,,,,15.2,4.5,2.5,136.1,,,,,,,,,,,,,,
121,0.0,,,,,"1,1,1-Trichloroethane",,,,,,,,,,,,,0.0,0.0,0.49,17.0,4.3,2.0,100.4,,,,,,,,,,,,,,
122,0.0,,,,,"1,1,2,2-Tetrachloroethane",,,,,,,,,,,,,0.0,0.0,0.95,18.8,5.1,9.4,105.2,,,,,,,,,,,,,,
123,0.0,,,,,"1,1-Dichloroethane",,,,,,,,,,,,,0.1,0.1,0.48,16.6,8.2,0.4,84.8,,,,,,,,,,,,,,
124,0.0,,,,,"1,1-Dichloroethylene",,,,,,,,,,,,,,,,17.0,6.8,4.5,79.0,,,,,,,,,,,,,,
125,0.0,,,,,"1,2,3,4-Tetrahydronaphthalene",,,,,,,,,,,,,,,,19.6,2.0,2.9,136.0,,,,,,,,,,,,,,
126,0.0,,,,,"1,2-Dibromoethane",,,,,,,,,,,,,0.0,0.0,0.75,19.6,6.8,12.1,87.0,,,,,,,,,,,,,,
127,0.0,,,,,"1,2-Dichlorobenzene",,,,,,,,,,,,,0.0,0.03,0.8,19.2,6.3,3.3,112.8,,,,,,,,,,,,,,
128,0.0,,,,,"1,3-Dimethylcyclohexane",,,,,,,,,,,,,,,,16.1,0.0,1.1,140.0,,,,,,,,,,,,,,
129,0.0,,,,,"1,3-Dioxolane",,,,,,,,,,,,,0.0,0.45,0.69,18.1,6.6,9.3,69.9,,,,,,,,,,,,,,
130,0.0,,,,,"1,4-Diethylbenzene",,,,,,,,,,,,,,,,18.0,0.0,0.6,156.9,,,,,,,,,,,,,,
131,0.0,,,,,"1,4-Dioxane",,,,,,,,,,,,,,,,19.0,1.8,7.4,85.7,,,,,,,,,,,,,,
132,0.0,,,,,1-Chlorobutane,,,,,,,,,,,,,0.0,0.0,0.39,16.4,5.5,2.0,104.9,,,,,,,,,,,,,,
133,0.0,,,,,1-Chloropropane,,,,,,,,,,,,,,,,16.0,7.8,2.0,88.1,,,,,,,,,,,,,,
134,0.0,,,,,1-Decanol,,,,,,,,,,,,,,,,17.6,2.7,10.0,191.8,,,,,,,,,,,,,,
135,0.0,,,,,1-MethoxY-2-Propanol,,,,,,,,,,,,,,,,15.6,6.3,11.6,98.2,,,,,,,,,,,,,,
136,0.0,,,,,1-MethyL-2-Pyrrolidinone,,,,,,,,,,,,,,,,18.0,12.3,7.2,96.6,,,,,,,,,,,,,,
137,0.0,,,,,1-Methylnaphthalene,,,,,,,,,,,,,,,,20.6,0.8,4.7,138.8,,,,,,,,,,,,,,
138,0.0,,,,,1-Octanol,,,,,,,,,,,,,,,,17.0,3.3,11.9,157.7,,,,,,,,,,,,,,
139,0.0,,,,,1-PhenoxY-2-Propanol,,,,,,,,,,,,,,,,17.4,5.3,11.5,143.2,,,,,,,,,,,,,,
140,0.0,,,,,1-Propanol,,,,,,,,,,,,,,,,16.0,6.8,17.4,75.2,,,,,,,,,,,,,,
141,0.0,,,,,1-Tridecanol,,,,,,,,,,,,,,,,14.3,3.1,9.0,242.0,,,,,,,,,,,,,,
142,0.0,,,,,"2,2-ButoxyethoxyEthylAcetate",,,,,,,,,,,,,,,,16.0,4.1,8.2,208.2,,,,,,,,,,,,,,
143,0.0,,,,,"2,6-DimethyL-4-Heptanone",,,,,,,,,,,,,,,,16.0,3.7,4.1,177.1,,,,,,,,,,,,,,
144,0.0,,,,,2-Butanol,,,,,,,,,,,,,0.69,0.8,0.4,15.8,5.7,14.5,92.0,,,,,,,,,,,,,,
145,0.0,,,,,2-Butanol,,,,,,,,,,,,,0.69,0.8,0.4,15.1,5.7,16.0,92.8,,,,,,,,,,,,,,
146,0.0,,,,,2-Butanone,,,,,,,,,,,,,0.06,0.48,0.67,16.0,9.0,5.1,90.1,,,,,,,,,,,,,,
147,0.0,,,,,2-ButoxyethylAcetate,,,,,,,,,,,,,,,,15.3,7.5,6.8,171.2,,,,,,,,,,,,,,
148,0.0,,,,,2-ChloroethylEther,,,,,,,,,,,,,,,,18.8,9.0,5.7,117.6,,,,,,,,,,,,,,
149,0.0,,,,,2-Ethoxyethanol,,,,,,,,,,,,,,,,16.2,9.2,14.3,97.8,,,,,,,,,,,,,,
150,0.0,,,,,2-EthoxyethylAcetate,,,,,,,,,,,,,,,,16.0,4.7,10.6,136.2,,,,,,,,,,,,,,
151,0.0,,,,,2-Furaldehyde,,,,,,,,,,,,,,,,18.6,14.9,5.1,83.2,,,,,,,,,,,,,,
152,0.0,,,,,2-MethyL-1-Propanol,,,,,,,,,,,,,,,,15.1,5.7,15.9,92.9,,,,,,,,,,,,,,
153,0.0,,,,,2-Nitropropane,,,,,,,,,,,,,,,,16.2,12.1,4.1,86.9,,,,,,,,,,,,,,
154,0.0,,,,,2-Octanol,,,,,,,,,,,,,,,,16.2,4.9,11.0,159.1,,,,,,,,,,,,,,
155,0.0,,,,,2-Pentanone,,,,,,,,,,,,,0.0,0.52,0.65,16.0,7.6,4.7,107.3,,,,,,,,,,,,,,
156,0.0,,,,,2-Propanol,,,,,,,,,,,,,0.76,0.84,0.48,15.8,6.1,16.4,76.8,,,,,,,,,,,,,,
157,0.0,,,,,2-Pyrrolidinone,,,,,,,,,,,,,,,,19.4,17.4,11.3,76.0,,,,,,,,,,,,,,
158,0.0,,,,,3-ChlorO-1-Propanol,,,,,,,,,,,,,,,,17.6,5.7,14.7,84.2,,,,,,,,,,,,,,
159,0.0,,,,,3-Hexanol,,,,,,,,,,,,,,,,15.8,4.3,13.5,123.2,,,,,,,,,,,,,,
160,0.0,,,,,3-Hydroxypropionitrile,,,,,,,,,,,,,,,,17.2,18.8,17.6,68.3,,,,,,,,,,,,,,
161,0.0,,,,,3-MethyL-1-Butanol,,,,,,,,,,,,,,,,15.8,5.2,13.3,109.3,,,,,,,,,,,,,,
162,0.0,,,,,3-Pentanone,,,,,,,,,,,,,0.0,0.45,0.72,15.8,7.6,4.7,106.4,,,,,,,,,,,,,,
163,0.0,,,,,4-HydroxY-4-Methyl-2-Pentanone,,,,,,,,,,,,,,,,15.8,8.2,10.8,124.2,,,,,,,,,,,,,,
164,0.0,,,,,"4-Hydroxymethyl-1,3-Dioxolan-2-One",,,,,,,,,,,,,,,,17.9,25.5,17.4,83.2,,,,,,,,,,,,,,
165,0.0,,,,,4-MethyL-2-Pentanol,,,,,,,,,,,,,,,,15.3,3.3,12.3,127.2,,,,,,,,,,,,,,
166,0.0,,,,,4-MethyL-2-Pentanone,,,,,,,,,,,,,,,,15.3,6.1,4.1,125.8,,,,,,,,,,,,,,
167,0.0,,,,,4-Octanol,,,,,,,,,,,,,,,,16.0,3.3,11.9,157.0,,,,,,,,,,,,,,
168,0.0,,,,,5-MethyL-2-Hexanone,,,,,,,,,,,,,,,,16.0,5.7,4.1,142.8,,,,,,,,,,,,,,
169,0.0,,,,,Acetaldehyde,,,,,,,,,,,,,,,,14.7,8.0,11.3,57.1,,,,,,,,,,,,,,
170,0.0,,,,,Acetophenone,,,,,,,,,,,,,0.04,0.49,0.9,19.6,8.6,3.7,117.4,,,,,,,,,,,,,,
171,0.0,,,,,AcetylChloride,,,,,,,,,,,,,,,,15.8,10.6,3.9,71.0,,,,,,,,,,,,,,
172,0.0,,,,,Acrylonitrile,,,,,,,,,,,,,,,,16.4,17.4,6.8,67.1,,,,,,,,,,,,,,
173,0.0,,,,,AllylAlcohol,,,,,,,,,,,,,,,,16.2,10.8,16.8,68.4,,,,,,,,,,,,,,
174,0.0,,,,,AmylAlcohol,,,,,,,,,,,,,,,,16.0,4.5,13.9,109.0,,,,,,,,,,,,,,
175,0.0,,,,,Benzaldehyde,,,,,,,,,,,,,,,,19.4,7.4,5.3,101.5,,,,,,,,,,,,,,
176,0.0,,,,,BenzoicAcid,,,,,,,,,,,,,,,,18.2,7.0,9.8,100.0,,,,,,,,,,,,,,
177,0.0,,,,,Benzonitrile,,,,,,,,,,,,,0.0,0.37,0.9,17.4,9.0,3.3,102.6,,,,,,,,,,,,,,
178,0.0,,,,,BenzylAlcohol,,,,,,,,,,,,,,,,18.4,6.3,13.7,103.6,,,,,,,,,,,,,,
179,0.0,,,,,BenzylBenzoate,,,,,,,,,,,,,,,,20.0,5.1,5.2,190.3,,,,,,,,,,,,,,
180,0.0,,,,,BenzylButylPhthalate,,,,,,,,,,,,,,,,19.0,11.3,3.1,306.0,,,,,,,,,,,,,,
181,0.0,,,,,BenzylEther,,,,,,,,,,,,,,,,17.4,3.7,7.4,192.7,,,,,,,,,,,,,,
182,0.0,,,,,Biphenyl,,,,,,,,,,,,,,,,21.5,1.0,2.0,154.1,,,,,,,,,,,,,,
183,0.0,,,,,BiS-2-ChloroisopropylEther,,,,,,,,,,,,,,,,19.0,8.2,5.1,146.0,,,,,,,,,,,,,,
184,0.0,,,,,Bromobenzene,,,,,,,,,,,,,0.0,0.06,0.79,20.5,5.5,4.1,105.3,,,,,,,,,,,,,,
185,0.0,,,,,Bromochloromethane,,,,,,,,,,,,,,,,17.4,5.7,3.5,65.0,,,,,,,,,,,,,,
186,0.0,,,,,Bromoethane,,,,,,,,,,,,,,,,16.6,8.0,5.1,76.9,,,,,,,,,,,,,,
187,0.0,,,,,Bromoform,,,,,,,,,,,,,,,,21.5,4.1,6.1,87.5,,,,,,,,,,,,,,
188,0.0,,,,,Bromotrifluoromethane,,,,,,,,,,,,,,,,9.6,2.5,0.0,97.0,,,,,,,,,,,,,,
189,0.0,,,,,Butoxypropanol,,,,,,,,,,,,,,,,15.3,4.5,9.2,132.0,,,,,,,,,,,,,,
190,0.0,,,,,ButylAcetate,,,,,,,,,,,,,,,,15.8,3.7,6.3,132.5,,,,,,,,,,,,,,
191,0.0,,,,,Butylamine,,,,,,,,,,,,,0.0,0.72,0.31,16.2,4.5,8.0,99.0,,,,,,,,,,,,,,
192,0.0,,,,,ButylBenzoate,,,,,,,,,,,,,,,,18.3,5.6,5.5,178.1,,,,,,,,,,,,,,
193,0.0,,,,,ButylLactate,,,,,,,,,,,,,,,,15.8,6.5,10.2,149.0,,,,,,,,,,,,,,
194,0.0,,,,,ButylPropionate,,,,,,,,,,,,,,,,15.7,5.5,5.9,149.3,,,,,,,,,,,,,,
195,0.0,,,,,ButylStearate,,,,,,,,,,,,,,,,14.5,3.7,3.5,382.0,,,,,,,,,,,,,,
196,0.0,,,,,Butyraldehyde,,,,,,,,,,,,,,,,14.7,5.3,7.0,88.5,,,,,,,,,,,,,,
197,0.0,,,,,ButyricAcid,,,,,,,,,,,,,,,,14.9,4.1,10.6,110.0,,,,,,,,,,,,,,
198,0.0,,,,,Butyronitrile,,,,,,,,,,,,,,,,15.3,12.5,5.1,87.0,,,,,,,,,,,,,,
199,0.0,,,,,Caprolactone,,,,,,,,,,,,,,,,19.7,15.0,7.4,110.8,,,,,,,,,,,,,,
200,0.0,,,,,Chlorodifluoromethane,,,,,,,,,,,,,,,,12.3,6.3,5.7,72.9,,,,,,,,,,,,,,
201,0.0,,,,,Chloromethane,,,,,,,,,,,,,,,,15.3,6.1,3.9,55.4,,,,,,,,,,,,,,
202,0.0,,,,,Cyanol,,,,,,,,,,,,,,,,19.4,5.1,10.2,91.5,,,,,,,,,,,,,,
203,0.0,,,,,Cyclohexanol,,,,,,,,,,,,,0.66,0.84,0.45,17.4,4.1,13.5,106.0,,,,,,,,,,,,,,
204,0.0,,,,,Cyclohexylamine,,,,,,,,,,,,,,,,17.4,3.1,6.5,115.2,,,,,,,,,,,,,,
205,0.0,,,,,DibutylPhthalate,,,,,,,,,,,,,,,,17.8,8.6,4.1,266.0,,,,,,,,,,,,,,
206,0.0,,,,,DibutylSebacate,,,,,,,,,,,,,,,,13.9,4.5,4.1,339.0,,,,,,,,,,,,,,
207,0.0,,,,,Dichlorofluoromethane,,,,,,,,,,,,,,,,15.8,3.1,5.7,75.4,,,,,,,,,,,,,,
208,0.0,,,,,Dichlorofluoromethane,,,,,,,,,,,,,,,,12.3,2.0,0.0,92.3,,,,,,,,,,,,,,
209,0.0,,,,,Diethylamine,,,,,,,,,,,,,0.3,0.7,0.24,14.9,2.3,6.1,103.2,,,,,,,,,,,,,,
210,0.0,,,,,DiethylCarbonate,,,,,,,,,,,,,,,,16.6,3.1,6.1,121.0,,,,,,,,,,,,,,
211,0.0,,,,,DiethyleneGlycolButylEther,,,,,,,,,,,,,,,,16.0,7.0,10.6,170.6,,,,,,,,,,,,,,
212,0.0,,,,,DiethyleneGlycolDimethylEther,,,,,,,,,,,,,,,,15.8,6.1,9.2,142.0,,,,,,,,,,,,,,
213,0.0,,,,,DiethyleneGlycolMethylEther,,,,,,,,,,,,,,,,16.2,7.8,12.7,118.0,,,,,,,,,,,,,,
214,0.0,,,,,DiethyleneGlycolMonoethylEther,,,,,,,,,,,,,,,,16.2,9.2,12.3,130.9,,,,,,,,,,,,,,
215,0.0,,,,,Diethylenetriamine,,,,,,,,,,,,,,,,16.8,13.3,14.3,108.0,,,,,,,,,,,,,,
216,0.0,,,,,DiethylPhthalate,,,,,,,,,,,,,,,,17.6,9.6,4.5,198.0,,,,,,,,,,,,,,
217,0.0,,,,,DiethylSulfate,,,,,,,,,,,,,,,,15.8,14.7,7.2,131.5,,,,,,,,,,,,,,
218,0.0,,,,,DiethylSulfide,,,,,,,,,,,,,,,,17.0,3.1,2.0,108.2,,,,,,,,,,,,,,
219,0.0,,,,,DiisopropylEther,,,,,,,,,,,,,,,,15.1,3.2,3.2,141.8,,,,,,,,,,,,,,
220,0.0,,,,,DimethylPhthalate,,,,,,,,,,,,,,,,18.6,10.8,4.9,163.0,,,,,,,,,,,,,,
221,0.0,,,,,DimethylSulfone,,,,,,,,,,,,,,,,19.0,19.4,12.3,75.0,,,,,,,,,,,,,,
222,0.0,,,,,DimethylSulfoxide,,,,,,,,,,,,,,,,18.4,16.4,10.2,71.3,,,,,,,,,,,,,,
223,0.0,,,,,DiNOctylPhthalate,,,,,,,,,,,,,,,,16.6,7.0,3.1,277.0,,,,,,,,,,,,,,
224,0.0,,,,,Dipropylamine,,,,,,,,,,,,,,,,15.3,1.4,4.1,136.9,,,,,,,,,,,,,,
225,0.0,,,,,DipropyleneGlycol,,,,,,,,,,,,,,,,16.5,10.6,17.7,131.8,,,,,,,,,,,,,,
226,0.0,,,,,DiPropyleneGlycolButylEther,,,,,,,,,,,,,,,,15.7,6.5,10.0,211.2,,,,,,,,,,,,,,
227,0.0,,,,,DLLimonene,,,,,,,,,,,,,,,,17.2,1.8,4.3,162.9,,,,,,,,,,,,,,
228,0.0,,,,,DowanolDpm,,,,,,,,,,,,,,,,15.5,5.7,11.2,156.1,,,,,,,,,,,,,,
229,0.0,,,,,Epichlorohydrin,,,,,,,,,,,,,,,,19.0,10.2,3.7,79.9,,,,,,,,,,,,,,
230,0.0,,,,,Ethanethiol,,,,,,,,,,,,,,,,15.8,6.5,7.2,74.3,,,,,,,,,,,,,,
231,0.0,,,,,Ethanolamine,,,,,,,,,,,,,,,,15.8,8.8,19.4,58.5,,,,,,,,,,,,,,
232,0.0,,,,,Ethanolamine,,,,,,,,,,,,,,,,17.2,15.5,21.3,60.2,,,,,,,,,,,,,,
233,0.0,,,,,Ethylbenzene,,,,,,,,,,,,,,,,17.8,0.6,1.4,123.1,,,,,,,,,,,,,,
234,0.0,,,,,EthylChloroformate,,,,,,,,,,,,,,,,15.5,10.0,6.8,95.6,,,,,,,,,,,,,,
235,0.0,,,,,EthylCinnamate,,,,,,,,,,,,,,,,18.4,8.2,4.1,166.8,,,,,,,,,,,,,,
236,0.0,,,,,EthyleneCarbonate,,,,,,,,,,,,,,,,19.4,21.7,5.1,66.0,,,,,,,,,,,,,,
237,0.0,,,,,Ethylenediamine,,,,,,,,,,,,,,,,16.6,8.8,17.0,67.3,,,,,,,,,,,,,,
238,0.0,,,,,EthyleneGlycol,,,,,,,,,,,,,,,,17.0,11.0,26.0,55.9,,,,,,,,,,,,,,
239,0.0,,,,,EthyleneGlycolButylEther,,,,,,,,,,,,,,,,16.0,5.1,12.3,131.6,,,,,,,,,,,,,,
240,0.0,,,,,EthyleneGlycolMonophenylEther,,,,,,,,,,,,,,,,17.8,5.7,14.3,124.7,,,,,,,,,,,,,,
241,0.0,,,,,EthylFormate,,,,,,,,,,,,,,,,15.5,8.4,8.4,80.2,,,,,,,,,,,,,,
242,0.0,,,,,EthylLactate,,,,,,,,,,,,,,,,16.0,7.6,12.5,115.0,,,,,,,,,,,,,,
243,0.0,,,,,Formamide,,,,,,,,,,,,,0.71,0.48,0.97,17.2,26.2,19.0,39.8,,,,,,,,,,,,,,
244,0.0,,,,,Furan,,,,,,,,,,,,,,,,17.8,1.8,5.3,72.5,,,,,,,,,,,,,,
245,0.0,,,,,FurfurylAlcohol,,,,,,,,,,,,,,,,17.4,7.6,15.1,86.5,,,,,,,,,,,,,,
246,0.0,,,,,GammaButyrolactone,,,,,,,,,,,,,,,,18.0,16.6,7.4,76.5,,,,,,,,,,,,,,
247,0.0,,,,,Hexadecafluoroheptane,,,,,,,,,,,,,,,,12.1,0.0,0.0,227.3,,,,,,,,,,,,,,
248,0.0,,,,,IsobutylIsobutyrate,,,,,,,,,,,,,,,,15.1,2.8,5.8,169.8,,,,,,,,,,,,,,
249,0.0,,,,,IsopentylAcetate,,,,,,,,,,,,,,,,15.3,3.1,7.0,148.8,,,,,,,,,,,,,,
250,0.0,,,,,Isophorone,,,,,,,,,,,,,,,,16.6,8.2,7.4,150.5,,,,,,,,,,,,,,
251,0.0,,,,,IsopropylAcetate,,,,,,,,,,,,,,,,14.9,4.5,8.2,117.1,,,,,,,,,,,,,,
252,0.0,,,,,IsopropylPalmitate,,,,,,,,,,,,,,,,14.3,3.9,3.7,330.0,,,,,,,,,,,,,,
253,0.0,,,,,MCresol,,,,,,,,,,,,,,,,18.5,6.5,13.7,105.0,,,,,,,,,,,,,,
254,0.0,,,,,Mesitylene,,,,,,,,,,,,,,,,18.0,0.0,0.6,139.8,,,,,,,,,,,,,,
255,0.0,,,,,MesitylOxide,,,,,,,,,,,,,,,,16.4,7.2,6.1,115.6,,,,,,,,,,,,,,
256,0.0,,,,,MethylAcetate,,,,,,,,,,,,,,,,15.5,7.2,7.6,79.7,,,,,,,,,,,,,,
257,0.0,,,,,MethyleneIodide,,,,,,,,,,,,,,,,17.8,3.9,5.5,80.5,,,,,,,,,,,,,,
258,0.0,,,,,MethylOleate,,,,,,,,,,,,,,,,14.5,3.9,3.7,340.0,,,,,,,,,,,,,,
259,0.0,,,,,Morpholine,,,,,,,,,,,,,0.29,0.7,0.39,18.8,4.9,9.2,87.1,,,,,,,,,,,,,,
260,0.0,,,,,Naphthalene,,,,,,,,,,,,,,,,19.2,2.0,5.9,111.5,,,,,,,,,,,,,,
261,0.0,,,,,Nitroethane,,,,,,,,,,,,,,,,16.0,15.5,4.5,71.5,,,,,,,,,,,,,,
262,0.0,,,,,Nitropropane,,,,,,,,,,,,,,,,16.6,12.3,5.5,89.5,,,,,,,,,,,,,,
263,0.0,,,,,"N,NDimethylhydrazine",,,,,,,,,,,,,,,,15.3,5.9,11.0,76.0,,,,,,,,,,,,,,
264,0.0,,,,,OctanoicAcid,,,,,,,,,,,,,,,,15.1,3.3,8.2,159.0,,,,,,,,,,,,,,
265,0.0,,,,,OleicAcid,,,,,,,,,,,,,,,,14.3,3.1,5.5,320.0,,,,,,,,,,,,,,
266,0.0,,,,,OleylAlcohol,,,,,,,,,,,,,,,,14.3,2.7,8.0,316.0,,,,,,,,,,,,,,
267,0.0,,,,,OXylene,,,,,,,,,,,,,,,,17.8,1.0,3.1,121.2,,,,,,,,,,,,,,
268,0.0,,,,,PentylAcetate,,,,,,,,,,,,,,,,15.8,3.3,6.1,148.0,,,,,,,,,,,,,,
269,0.0,,,,,Phenol,,,,,,,,,,,,,1.65,0.3,0.72,18.0,5.9,14.9,87.5,,,,,,,,,,,,,,
270,0.0,,,,,Propionitrile,,,,,,,,,,,,,,,,15.3,14.3,5.5,70.9,,,,,,,,,,,,,,
271,0.0,,,,,PropylAcetate,,,,,,,,,,,,,,,,15.3,4.3,7.6,115.8,,,,,,,,,,,,,,
272,0.0,,,,,Propylamine,,,,,,,,,,,,,,,,17.0,4.9,8.6,83.0,,,,,,,,,,,,,,
273,0.0,,,,,PropyleneCarbonate,,,,,,,,,,,,,,,,20.1,18.0,4.1,85.0,,,,,,,,,,,,,,
274,0.0,,,,,PropyleneGlycolMonomethylEtherAcetate,,,,,,,,,,,,,,,,15.6,5.6,9.8,137.1,,,,,,,,,,,,,,
275,0.0,,,,,PropylPropionate,,,,,,,,,,,,,,,,15.5,5.6,5.7,132.5,,,,,,,,,,,,,,
276,0.0,,,,,Quinoline,,,,,,,,,,,,,0.0,0.64,0.92,19.4,7.0,7.6,118.0,,,,,,,,,,,,,,
277,0.0,,,,,Resorcinol,,,,,,,,,,,,,,,,18.0,8.4,21.1,87.5,,,,,,,,,,,,,,
278,0.0,,,,,SecButylAcetate,,,,,,,,,,,,,,,,15.0,3.7,7.6,134.0,,,,,,,,,,,,,,
279,0.0,,,,,StearicAcid,,,,,,,,,,,,,,,,16.4,3.3,5.5,326.0,,,,,,,,,,,,,,
280,0.0,,,,,Styrene,,,,,,,,,,,,,,,,18.6,1.0,4.1,115.6,,,,,,,,,,,,,,
281,0.0,,,,,SuccinicAnhydride,,,,,,,,,,,,,,,,18.6,19.2,16.6,66.8,,,,,,,,,,,,,,
282,0.0,,,,,Sulfolane,,,,,,,,,,,,,0.0,0.39,0.98,18.0,18.0,9.9,95.3,,,,,,,,,,,,,,
283,0.0,,,,,TertButanol,,,,,,,,,,,,,,,,15.2,5.1,14.7,96.0,,,,,,,,,,,,,,
284,0.0,,,,,TertButylAcetate,,,,,,,,,,,,,,,,15.0,3.7,6.0,134.8,,,,,,,,,,,,,,
285,0.0,,,,,Tetrachloroethylene,,,,,,,,,,,,,,,,19.0,6.5,2.9,101.1,,,,,,,,,,,,,,
286,0.0,,,,,TetrahydrofurfurylAlcohol,,,,,,,,,,,,,,,,17.8,8.2,12.9,97.4,,,,,,,,,,,,,,
287,0.0,,,,,Tetramethylurea,,,,,,,,,,,,,,,,16.8,8.2,11.0,120.4,,,,,,,,,,,,,,
288,0.0,,,,,TributylPhosphate,,,,,,,,,,,,,,,,16.4,6.3,4.3,345.0,,,,,,,,,,,,,,
289,0.0,,,,,Trichloroethylene,,,,,,,,,,,,,,,,18.0,3.1,5.3,90.2,,,,,,,,,,,,,,
290,0.0,,,,,Trichlorofluoromethane,,,,,,,,,,,,,,,,15.3,2.0,0.0,92.8,,,,,,,,,,,,,,
291,0.0,,,,,TricresylPhosphate,,,,,,,,,,,,,,,,19.0,12.3,4.5,613.0,,,,,,,,,,,,,,
292,0.0,,,,,TriethylPhosphate,,,,,,,,,,,,,,,,16.8,11.5,9.2,171.0,,,,,,,,,,,,,,
293,0.0,,,,,TrifluoromethylUndecafluorocyclohexane,,,,,,,,,,,,,,,,12.5,0.0,0.0,196.0,,,,,,,,,,,,,,
294,0.0,,,,,TrifluoromethylUndecafluorocyclohexane,,,,,,,,,,,,,,,,12.5,0.0,0.0,217.4,,,,,,,,,,,,,,
295,0.0,,,,,TrimethylPhosphate,,,,,,,,,,,,,,,,16.8,16.0,10.2,99.9,,,,,,,,,,,,,,
0,,,,,,"1,1,1,3,3,3-Hexafluoro-2-Propanol",,,,,,,,,,,,,1.96,0.0,0.65,,,,,,,,,,,,,,,,,,
0,,,,,,"1,1,3,3-Tetramethylguanidine",,,,,,,,,,,,,0.0,0.86,0.76,,,,,,,,,,,,,,,,,,
0,,,,,,"1,2,3-Propanetriol",,,,,,,,,,,,,1.21,0.51,0.62,,,,,,,,,,,,,,,,,,
0,,,,,,"1,2-Diaminoethane",,,,,,,,,,,,,0.13,1.43,0.47,,,,,,,,,,,,,,,,,,
0,,,,,,"1,3,5-Trimethylbenzene",,,,,,,,,,,,,0.0,0.13,0.41,,,,,,,,,,,,,,,,,,
0,,,,,,"1,3-Dichlorobenzene",,,,,,,,,,,,,0.0,0.03,0.75,,,,,,,,,,,,,,,,,,
0,,,,,,"1,3-Dimethylbenzene",,,,,,,,,,,,,0.0,0.11,0.47,,,,,,,,,,,,,,,,,,
0,,,,,,"1,4-Difluorobenzene",,,,,,,,,,,,,0.0,0.03,0.58,,,,,,,,,,,,,,,,,,
0,,,,,,"1,4-Dimethylbenzene",,,,,,,,,,,,,0.0,0.12,0.43,,,,,,,,,,,,,,,,,,
0,,,,,,1-Bromobutane,,,,,,,,,,,,,0.0,0.13,0.5,,,,,,,,,,,,,,,,,,
0,,,,,,1-Butyl-3-Methyl-1H-Imidazol-3-Ium Trifluoromethanesulfonate,,,,,,,,,,,,,0.63,0.46,1.01,,,,,,,,,,,,,,,,,,
0,,,,,,1-Butyl-3-Methylimidazolium Bis(Trifluoromethylsulfonyl)Imide,,,,,,,,,,,,,0.62,0.24,0.98,,,,,,,,,,,,,,,,,,
0,,,,,,1-Ethyl-3-Methyl-1H-Imidazol-3-Ium Dicyanoazanide,,,,,,,,,,,,,0.53,0.35,1.08,,,,,,,,,,,,,,,,,,
0,,,,,,1-Ethyl-3-Methyl-1H-Imidazol-3-Ium Hexafluorophosphate,,,,,,,,,,,,,0.76,0.2,0.99,,,,,,,,,,,,,,,,,,
0,,,,,,1-Ethyl-3-Methyl-1H-Imidazol-3-Ium Hexyl Sulfate,,,,,,,,,,,,,0.65,0.71,0.98,,,,,,,,,,,,,,,,,,
0,,,,,,1-Ethyl-3-Methyl-1H-Imidazol-3-Ium Octyl Sulfate,,,,,,,,,,,,,0.65,0.77,0.93,,,,,,,,,,,,,,,,,,
0,,,,,,1-Ethyl-3-Methyl-1H-Imidazol-3-Ium Perchlorate,,,,,,,,,,,,,0.56,0.41,1.11,,,,,,,,,,,,,,,,,,
0,,,,,,1-Ethyl-3-Methylimidazolium Acetate,,,,,,,,,,,,,0.4,0.95,1.09,,,,,,,,,,,,,,,,,,
0,,,,,,1-Ethyl-3-Methylimidazolium Bis(Trifluoromethylsulfonyl)Imide,,,,,,,,,,,,,0.76,0.28,0.9,,,,,,,,,,,,,,,,,,
0,,,,,,1-Ethyl-3-Methylimidazolium Nitrate,,,,,,,,,,,,,0.48,0.66,1.13,,,,,,,,,,,,,,,,,,
0,,,,,,1-Ethyl-3-Methylimidazolium Tetrafluoroborate,,,,,,,,,,,,,0.7,0.26,1.03,,,,,,,,,,,,,,,,,,
0,,,,,,1-Hexyl-3-Methyl-1H-Imidazol-3-Ium Bis[(Trifluoromethyl)Sulfonyl]Azanide,,,,,,,,,,,,,0.65,0.25,0.98,,,,,,,,,,,,,,,,,,
0,,,,,,1-Iodobutane,,,,,,,,,,,,,0.0,0.23,0.47,,,,,,,,,,,,,,,,,,
0,,,,,,"2,2,2-Trifluoroethanol",,,,,,,,,,,,,1.51,0.0,0.73,,,,,,,,,,,,,,,,,,
0,,,,,,"2,6-Dimethylpyridine",,,,,,,,,,,,,0.0,0.76,0.8,,,,,,,,,,,,,,,,,,
0,,,,,,2-Bromopyridine,,,,,,,,,,,,,0.0,0.53,1.0,,,,,,,,,,,,,,,,,,
0,,,,,,2-Chloroaniline,,,,,,,,,,,,,0.25,0.4,0.83,,,,,,,,,,,,,,,,,,
0,,,,,,2-Chloroethanol,,,,,,,,,,,,,1.28,0.53,0.46,,,,,,,,,,,,,,,,,,
0,,,,,,2-Cyanopyridine,,,,,,,,,,,,,0.0,0.29,1.2,,,,,,,,,,,,,,,,,,
0,,,,,,2-Fluoropyridine,,,,,,,,,,,,,0.0,0.51,0.84,,,,,,,,,,,,,,,,,,
0,,,,,,2-Heptanone,,,,,,,,,,,,,0.05,0.48,0.61,,,,,,,,,,,,,,,,,,
0,,,,,,2-Methyl-1-Propanol,,,,,,,,,,,,,0.79,0.84,0.4,,,,,,,,,,,,,,,,,,
0,,,,,,2-Methyl-2-Butanol,,,,,,,,,,,,,0.28,0.93,0.4,,,,,,,,,,,,,,,,,,
0,,,,,,2-Methyl-2-Propanol,,,,,,,,,,,,,0.42,0.93,0.41,,,,,,,,,,,,,,,,,,
0,,,,,,2-Methylbutane,,,,,,,,,,,,,0.0,0.01,-0.08,,,,,,,,,,,,,,,,,,
0,,,,,,2-Phenylacetonitrile,,,,,,,,,,,,,0.0,0.41,1.0,,,,,,,,,,,,,,,,,,
0,,,,,,2-Phenylethanol,,,,,,,,,,,,,0.64,0.61,0.88,,,,,,,,,,,,,,,,,,
0,,,,,,2-Propanone,,,,,,,,,,,,,0.08,0.43,0.71,,,,,,,,,,,,,,,,,,
0,,,,,,2-Propen-1-Ol,,,,,,,,,,,,,0.84,0.9,0.52,,,,,,,,,,,,,,,,,,
0,,,,,,2-Pyrrolidone,,,,,,,,,,,,,0.36,0.77,0.85,,,,,,,,,,,,,,,,,,
0,,,,,,"3,4-Dimethylpyridine",,,,,,,,,,,,,0.0,0.78,0.73,,,,,,,,,,,,,,,,,,
0,,,,,,3-Bromopyridine,,,,,,,,,,,,,0.0,0.6,0.89,,,,,,,,,,,,,,,,,,
0,,,,,,3-Chlorophenol,,,,,,,,,,,,,1.57,0.23,0.77,,,,,,,,,,,,,,,,,,
0,,,,,,3-Methyl-1-Butanol,,,,,,,,,,,,,0.84,0.86,0.4,,,,,,,,,,,,,,,,,,
0,,,,,,3-Methyl-1-Octyl-1H-Imidazol-3-Ium Bis[(Trifluoromethyl)Sulfonyl]Azanide,,,,,,,,,,,,,0.97,0.28,0.97,,,,,,,,,,,,,,,,,,
0,,,,,,3-Methylphenol,,,,,,,,,,,,,1.13,0.34,0.68,,,,,,,,,,,,,,,,,,
0,,,,,,3-Phenylpropanol,,,,,,,,,,,,,0.53,0.55,0.95,,,,,,,,,,,,,,,,,,
0,,,,,,"4-Methyl-2-Oxo-1,3-Dioxolane",,,,,,,,,,,,,0.0,0.4,0.83,,,,,,,,,,,,,,,,,,
0,,,,,,4-Methyl-2-Pentanone,,,,,,,,,,,,,0.02,0.48,0.65,,,,,,,,,,,,,,,,,,
0,,,,,,4-Methylphenol,,,,,,,,,,,,,1.64,0.34,0.68,,,,,,,,,,,,,,,,,,
0,,,,,,4-Methylpyridine,,,,,,,,,,,,,0.0,0.67,0.84,,,,,,,,,,,,,,,,,,
0,,,,,,Acetic Acid,,,,,,,,,,,,,1.12,0.45,0.64,,,,,,,,,,,,,,,,,,
0,,,,,,Acetic Anhydride,,,,,,,,,,,,,0.0,0.29,0.76,,,,,,,,,,,,,,,,,,
0,,,,,,Aniline,,,,,,,,,,,,,0.26,0.5,0.73,,,,,,,,,,,,,,,,,,
0,,,,,,Benzyl Alcohol,,,,,,,,,,,,,0.6,0.52,0.98,,,,,,,,,,,,,,,,,,
0,,,,,,Bis(2-Chloroethyl) Ether,,,,,,,,,,,,,0.0,0.4,0.82,,,,,,,,,,,,,,,,,,
0,,,,,,Bis(2-Methoxyethyl) Ether,,,,,,,,,,,,,0.0,0.4,0.64,,,,,,,,,,,,,,,,,,
0,,,,,,Butanenitrile,,,,,,,,,,,,,0.0,0.4,0.71,,,,,,,,,,,,,,,,,,
0,,,,,,Butanoic Acid,,,,,,,,,,,,,1.1,0.45,0.56,,,,,,,,,,,,,,,,,,
0,,,,,,Butanol,,,,,,,,,,,,,0.84,0.84,0.47,,,,,,,,,,,,,,,,,,
0,,,,,,Butyl Acetate,,,,,,,,,,,,,0.0,0.45,0.46,,,,,,,,,,,,,,,,,,
0,,,,,,Carbon Disulfide,,,,,,,,,,,,,0.0,0.07,0.61,,,,,,,,,,,,,,,,,,
0,,,,,,Chloroacetonitrile,,,,,,,,,,,,,0.0,0.34,1.01,,,,,,,,,,,,,,,,,,
0,,,,,,Cis-Decalin,,,,,,,,,,,,,0.0,0.08,0.11,,,,,,,,,,,,,,,,,,
0,,,,,,Cyclopentanone,,,,,,,,,,,,,0.0,0.52,0.76,,,,,,,,,,,,,,,,,,
0,,,,,,Decane,,,,,,,,,,,,,0.0,0.0,0.03,,,,,,,,,,,,,,,,,,
0,,,,,,Decanol,,,,,,,,,,,,,0.7,0.82,0.45,,,,,,,,,,,,,,,,,,
0,,,,,,Di-N-Butyl Sulfide,,,,,,,,,,,,,0.0,0.38,0.36,,,,,,,,,,,,,,,,,,
0,,,,,,Dibenzyl Ether,,,,,,,,,,,,,0.0,0.41,0.8,,,,,,,,,,,,,,,,,,
0,,,,,,Dibromomethane,,,,,,,,,,,,,0.0,0.0,0.92,,,,,,,,,,,,,,,,,,
0,,,,,,Dibutyl Ether,,,,,,,,,,,,,0.0,0.46,0.27,,,,,,,,,,,,,,,,,,
0,,,,,,Diethyl Carbonate,,,,,,,,,,,,,0.0,0.4,0.45,,,,,,,,,,,,,,,,,,
0,,,,,,Diethyl Sulfide,,,,,,,,,,,,,0.0,0.37,0.46,,,,,,,,,,,,,,,,,,
0,,,,,,Diiodomethane,,,,,,,,,,,,,0.0,0.0,0.65,,,,,,,,,,,,,,,,,,
0,,,,,,Diisopropyl Ether,,,,,,,,,,,,,0.0,0.49,0.27,,,,,,,,,,,,,,,,,,
0,,,,,,Diisopropyl Sulfide,,,,,,,,,,,,,0.0,0.38,0.36,,,,,,,,,,,,,,,,,,
0,,,,,,Dimethyl Phthalate,,,,,,,,,,,,,0.0,0.78,0.82,,,,,,,,,,,,,,,,,,
0,,,,,,Dimethyl Sulfide,,,,,,,,,,,,,0.0,0.34,0.57,,,,,,,,,,,,,,,,,,
0,,,,,,Dimethyl Sulfoxide,,,,,,,,,,,,,0.0,0.76,1.0,,,,,,,,,,,,,,,,,,
0,,,,,,Dimethylcyanamide,,,,,,,,,,,,,0.0,0.64,0.72,,,,,,,,,,,,,,,,,,
0,,,,,,Diphenyl Ether,,,,,,,,,,,,,0.0,0.13,0.66,,,,,,,,,,,,,,,,,,
0,,,,,,Dipropyl Ether,,,,,,,,,,,,,0.0,0.46,0.27,,,,,,,,,,,,,,,,,,
0,,,,,,Dodecane,,,,,,,,,,,,,0.0,0.0,0.05,,,,,,,,,,,,,,,,,,
0,,,,,,Ethanediol,,,,,,,,,,,,,0.9,0.52,0.92,,,,,,,,,,,,,,,,,,
0,,,,,,Ethoxybenzene,,,,,,,,,,,,,0.0,0.3,0.69,,,,,,,,,,,,,,,,,,
0,,,,,,Ethyl Acetate,,,,,,,,,,,,,0.0,0.45,0.55,,,,,,,,,,,,,,,,,,
0,,,,,,Ethyl Benzoate,,,,,,,,,,,,,0.0,0.41,0.74,,,,,,,,,,,,,,,,,,
0,,,,,,Ethyl Chloroacetate,,,,,,,,,,,,,0.0,0.35,0.7,,,,,,,,,,,,,,,,,,
0,,,,,,Ethyl Formate,,,,,,,,,,,,,0.0,0.36,0.61,,,,,,,,,,,,,,,,,,
0,,,,,,Ethyl Trichloroacetate,,,,,,,,,,,,,0.0,0.25,0.61,,,,,,,,,,,,,,,,,,
0,,,,,,Fluorobenzene,,,,,,,,,,,,,0.0,0.07,0.62,,,,,,,,,,,,,,,,,,
0,,,,,,Formic Acid,,,,,,,,,,,,,1.23,0.38,0.65,,,,,,,,,,,,,,,,,,
0,,,,,,Heptanoic Acid,,,,,,,,,,,,,1.2,0.45,0.5,,,,,,,,,,,,,,,,,,
0,,,,,,Hexafluorobenzene,,,,,,,,,,,,,0.0,0.02,0.33,,,,,,,,,,,,,,,,,,
0,,,,,,Hexanoic Acid,,,,,,,,,,,,,1.22,0.45,0.52,,,,,,,,,,,,,,,,,,
0,,,,,,Hexanol,,,,,,,,,,,,,0.8,0.84,0.4,,,,,,,,,,,,,,,,,,
0,,,,,,Iodobenzene,,,,,,,,,,,,,0.0,0.06,0.81,,,,,,,,,,,,,,,,,,
0,,,,,,Methoxybenzene,,,,,,,,,,,,,0.0,0.32,0.73,,,,,,,,,,,,,,,,,,
0,,,,,,Methyl Acetate,,,,,,,,,,,,,0.0,0.42,0.6,,,,,,,,,,,,,,,,,,
0,,,,,,Methyl Formate,,,,,,,,,,,,,0.0,0.37,0.62,,,,,,,,,,,,,,,,,,
0,,,,,,"N,N,N',N'-Tetramethylurea",,,,,,,,,,,,,0.0,0.8,0.83,,,,,,,,,,,,,,,,,,
0,,,,,,"N,N-Diethylacetamide",,,,,,,,,,,,,0.0,0.78,0.84,,,,,,,,,,,,,,,,,,
0,,,,,,"N,N-Dimethylacetamide",,,,,,,,,,,,,0.0,0.76,0.88,,,,,,,,,,,,,,,,,,
0,,,,,,"N,N-Dimethylaniline",,,,,,,,,,,,,0.0,0.43,0.73,,,,,,,,,,,,,,,,,,
0,,,,,,"N,N-Dimethylbenzylamine",,,,,,,,,,,,,0.0,0.64,0.45,,,,,,,,,,,,,,,,,,
0,,,,,,"N,N-Dimethylcyclohexylamine",,,,,,,,,,,,,0.0,0.84,0.23,,,,,,,,,,,,,,,,,,
0,,,,,,"N,N-Dimethylformamide",,,,,,,,,,,,,0.0,0.69,0.88,,,,,,,,,,,,,,,,,,
0,,,,,,N-Methylacetamide,,,,,,,,,,,,,0.47,0.8,1.01,,,,,,,,,,,,,,,,,,
0,,,,,,N-Methylaniline,,,,,,,,,,,,,0.17,0.47,0.82,,,,,,,,,,,,,,,,,,
0,,,,,,N-Methylformamide,,,,,,,,,,,,,0.62,0.8,0.9,,,,,,,,,,,,,,,,,,
0,,,,,,N-Methylpyrrolidone,,,,,,,,,,,,,0.0,0.77,0.92,,,,,,,,,,,,,,,,,,
0,,,,,,Octadecafluoronaphthalene,,,,,,,,,,,,,0.0,-0.05,-0.32,,,,,,,,,,,,,,,,,,
0,,,,,,Octane,,,,,,,,,,,,,0.0,0.0,0.01,,,,,,,,,,,,,,,,,,
0,,,,,,Octanol,,,,,,,,,,,,,0.77,0.81,0.4,,,,,,,,,,,,,,,,,,
0,,,,,,Oxane,,,,,,,,,,,,,0.0,0.54,0.51,,,,,,,,,,,,,,,,,,
0,,,,,,Oxolan-2-One,,,,,,,,,,,,,0.0,0.49,0.87,,,,,,,,,,,,,,,,,,
0,,,,,,Pentafluoropyridine,,,,,,,,,,,,,0.0,0.16,0.53,,,,,,,,,,,,,,,,,,
0,,,,,,Pentanoic Acid,,,,,,,,,,,,,1.19,0.45,0.54,,,,,,,,,,,,,,,,,,
0,,,,,,Pentanol,,,,,,,,,,,,,0.84,0.86,0.4,,,,,,,,,,,,,,,,,,
0,,,,,,Perfluoro(Methylcyclohexane),,,,,,,,,,,,,0.0,-0.06,-0.4,,,,,,,,,,,,,,,,,,
0,,,,,,Piperidine,,,,,,,,,,,,,0.0,1.04,0.3,,,,,,,,,,,,,,,,,,
0,,,,,,Propanenitrile,,,,,,,,,,,,,0.0,0.39,0.71,,,,,,,,,,,,,,,,,,
0,,,,,,Propanoic Acid,,,,,,,,,,,,,1.12,0.45,0.58,,,,,,,,,,,,,,,,,,
0,,,,,,Propanol,,,,,,,,,,,,,0.84,0.9,0.52,,,,,,,,,,,,,,,,,,
0,,,,,,Pyrrolidine,,,,,,,,,,,,,0.16,0.7,0.39,,,,,,,,,,,,,,,,,,
0,,,,,,Tetrachloroethene,,,,,,,,,,,,,0.0,0.05,0.28,,,,,,,,,,,,,,,,,,
0,,,,,,Tetrachloromethane,,,,,,,,,,,,,0.0,0.1,0.28,,,,,,,,,,,,,,,,,,
0,,,,,,Tetradecafluorohexane,,,,,,,,,,,,,0.0,-0.08,-0.41,,,,,,,,,,,,,,,,,,
0,,,,,,Tetramethylsilane,,,,,,,,,,,,,0.0,0.02,-0.09,,,,,,,,,,,,,,,,,,
0,,,,,,Thiane,,,,,,,,,,,,,0.0,0.36,0.61,,,,,,,,,,,,,,,,,,
0,,,,,,Thiolane,,,,,,,,,,,,,0.0,0.44,0.62,,,,,,,,,,,,,,,,,,
0,,,,,,Thiolane-1-Oxide,,,,,,,,,,,,,0.0,0.81,1.06,,,,,,,,,,,,,,,,,,
0,,,,,,"Trans-1,2-Dichloroethene",,,,,,,,,,,,,0.0,0.0,0.44,,,,,,,,,,,,,,,,,,
0,,,,,,Tribromomethane,,,,,,,,,,,,,0.05,0.05,0.62,,,,,,,,,,,,,,,,,,
0,,,,,,Tributyl Phosphate,,,,,,,,,,,,,0.0,0.8,0.65,,,,,,,,,,,,,,,,,,
0,,,,,,Tributylamine,,,,,,,,,,,,,0.0,0.62,0.16,,,,,,,,,,,,,,,,,,
0,,,,,,Trichloroethene,,,,,,,,,,,,,0.0,0.05,0.53,,,,,,,,,,,,,,,,,,
0,,,,,,Trichloromethane,,,,,,,,,,,,,0.2,0.1,0.58,,,,,,,,,,,,,,,,,,
0,,,,,,Triethyl Phosphate,,,,,,,,,,,,,0.0,0.77,0.72,,,,,,,,,,,,,,,,,,
0,,,,,,Trimethyl Phosphate,,,,,,,,,,,,,0.0,0.77,0.72,,,,,,,,,,,,,,,,,,
