,Unnamed: 0.5,Unnamed: 0.4,Unnamed: 0.3,Unnamed: 0.2,Unnamed: 0.1,Unnamed: 0,Solvent,CHEM21,CHEM21 Numerical,Molecular Weight,Boiling Point,Melting Point,Density,Viscosity,Vapour Pressure,Refractive Index,LogP,Dipole Moment,Dielectric Constant,Alpha,Beta,Pi,Dispersion,Polarity,H Bonding,Molar Volume,Functional Group,Grignard,Amide Coupling 1,Amide Coupling 2,Heck,Baylis-Hillman,Suzuki-Miyaura Pd,Suzuki-Miyaura Ni,Buchwald-Hartwig,Alkene Metathesis,SNAr,cost,Alternative Name
0,0,0.0,0.0,0.0,0.0,0.0,"1,2-Dichloroethane",Highly Hazardous,0.0,98.9596,83.4,-35.6,1.2454,0.78,78.89,1.4422,1.48,1.27,10.74,0.0,0.1,0.81,19.0,7.4,4.1,79.46009314,No Group,,,,,,,,,97.0,,28 Â£/L,Dichloroethane
1,1,1.0,1.0,1.0,1.0,1.0,"1,2-Dimethoxyethane",Hazardous,1.0,90.12,85.0,-58.0,0.863,0.4859,48.0,1.3813,-0.21,1.71,7.2,0.0,0.41,0.53,15.4,6.3,6.0,104.4264195,No Group,52.3,,,,,,,86.0,,,54 Â£/L,Dimethoxyethane
2,2,2.0,2.0,2.0,2.0,2.0,2-Methoxyethanol,Hazardous,1.0,76.095,124.1,-85.1,0.9647,1.544,9.5,1.4024,-0.77,2.04,16.93,0.264705882,0.419019608,0.624716981,16.2,9.2,16.4,78.87944439,No Group,,,,,,,,,,,40 Â£/L,Methoxyethanol
3,3,3.0,3.0,3.0,3.0,3.0,Acetic acid,Problematic,2.0,60.0524,117.9,16.6,1.0446,1.056,15.7,1.372,-0.17,1.7,6.2,1.12,0.45,0.64,14.5,8.0,13.5,57.48841662,No Group,,,,,,,,,,,36 Â£/L,Acetic acid
4,4,4.0,4.0,4.0,4.0,4.0,Acetic anhydride,Problematic,2.0,102.0896,139.5,-73.4,1.082,0.843,5.11,1.3901,-0.27,2.8,20.7,0.0,0.29,0.76,16.0,11.7,10.2,94.35268022,No Group,,,,,,,,,,,40 Â£/L,Acetic anhydride
5,5,5.0,5.0,5.0,5.0,5.0,Acetone,Recommended,3.0,58.0798,56.08,-94.9,0.7845,0.32,231.0,1.3588,-0.24,2.88,20.7,0.08,0.43,0.71,15.5,10.4,7.0,74.03416189,No Group,,,,,,,96.0,,,,28 Â£/L,Acetone
6,6,6.0,6.0,6.0,6.0,6.0,Acetonitrile,Problematic,2.0,41.0524,81.6,-44.0,0.79,0.35,88.8,1.33934,-0.34,3.94,37.5,0.19,0.4,0.75,15.3,18.0,6.1,51.96506329,No Group,,,80.0,58.0,50.0,,99.0,,,,73 Â£/L,Acetonitrile
7,7,7.0,7.0,7.0,7.0,7.0,Anisole,Recommended,3.0,108.14,153.7,-37.3,0.9956,0.778,3.54,1.51791,2.11,1.36,4.3,0.0,0.32,0.73,17.8,4.1,6.7,108.6179188,No Group,,,,,,97.0,,16.0,,,32 Â£/L,
8,8,8.0,8.0,8.0,8.0,8.0,Benzene,Highly Hazardous,0.0,78.1134,80.08,5.558,0.8756,0.604,94.8,1.5011,2.13,0.0,2.275,0.0,0.1,0.59,18.4,0.0,2.0,89.21128369,Arene,,,,,,,,,,,48 Â£/L,Benzene
9,9,9.0,9.0,9.0,9.0,9.0,Benzotrifluoride,No Ranking,,146.11,103.46,-29.05,1.1886,0.5524,38.83,1.41486,3.01,2.86,9.18,0.264705882,0.419019608,0.624716981,17.5,8.8,0.0,122.9261316,No Group,,,,,,,,,,,71 Â£/L,
10,10,10.0,10.0,10.0,10.0,10.0,Benzyl alcohol,Problematic,2.0,108.1396,205.3,-15.2,1.0419,5.474,0.094,1.5396,1.1,1.71,13.0,0.6,0.52,0.98,18.4,6.3,13.7,103.7907669,No Group,,,,,,,,,,,25 Â£/L,Benzyl alcohol
11,11,11.0,11.0,11.0,11.0,11.0,Carbon tetrachloride,Highly Hazardous,0.0,153.823,76.7,-22.2,1.594,0.91,115.0,1.4601,2.83,0.0,2.3,0.0,0.1,0.28,17.8,0.0,0.6,96.50125471,No Group,,,,,,,,,,,10000 Â£/L,Carbontetrachloride
12,12,12.0,12.0,12.0,12.0,12.0,Chloroform,Highly Hazardous,0.0,119.3779,61.12,-63.47,1.484,0.54,197.0,1.4459,1.97,1.01,4.8,0.2,0.1,0.58,17.8,3.1,5.7,80.44332884,No Group,,,,,,,,,,,30 Â£/L,Chloroform
13,13,13.0,13.0,13.0,13.0,13.0,Cyclohexane,Problematic,2.0,84.1608,80.7,6.47,0.7781,0.89,97.5,1.42662,3.44,0.61,2.0,0.0,0.0,0.0,16.8,0.0,0.2,108.1619329,Alkane,,,,,,,,,,,21.5 Â£/L,Cyclohexane
14,14,14.0,14.0,14.0,14.0,14.0,Cyclohexanone,Problematic,2.0,98.1444,155.4,-31.0,0.9421,2.02,5.0,1.4507,0.81,3.08,16.02,0.0,0.53,0.76,17.8,6.3,5.1,104.1762021,No Group,,,,,,,,,,,29 Â£/L,Cyclohexanone
15,15,15.0,15.0,15.0,15.0,15.0,Cyclopentyl methyl ether,No Ranking,,100.1602,105.45,-140.0,0.86,0.549,34.6,1.4235,1.59,1.27,4.76,0.0,0.53,0.42,16.7,4.3,4.3,116.4653488,No Group,61.0,100.0,,14.5,50.0,98.0,,63.0,73.0,,87 Â£/L,
16,16,16.0,16.0,16.0,16.0,16.0,Cyrene,No Ranking,,128.13,227.0,-20.0,1.25,11.62,0.11,1.4712,-0.71,4.4,3.4,0.0,0.61,0.93,18.8,10.6,6.9,102.504,No Group,,,,58.0,100.0,,,,,51.0,122 Â£/L,
17,17,17.0,17.0,17.0,17.0,17.0,Dichloromethane,Hazardous,1.0,84.9328,39.75,-95.0,1.3255,0.41,435.0,1.4244,1.25,1.6,9.1,0.13,0.1,0.82,18.2,6.3,6.1,64.07604677,No Group,,100.0,91.0,,,,,,97.0,,19 Â£/L,Dichloromethane
18,18,18.0,18.0,18.0,18.0,18.0,Diethyl ether,Highly Hazardous,0.0,74.1224,34.6,-116.3,0.7134,0.22,538.0,1.35555,0.89,1.15,4.3,0.0,0.47,0.27,14.5,2.9,5.1,103.9001962,No Group,81.0,,,,,,,,,,20 Â£/L,Diethyl ether
19,19,19.0,19.0,19.0,19.0,19.0,Dimethyl carbonate,No Ranking,,90.0786,90.5,0.5,1.0636,0.664,55.364,1.3687,0.15,0.93,3.17,0.0,0.32,0.44,15.5,3.9,9.7,84.69217751,No Group,,100.0,,,,98.0,,,93.0,,41 Â£/L,
20,20,20.0,20.0,20.0,20.0,20.0,Dimethyl sulfoxide,Problematic,2.0,78.1288,189.0,18.45,1.1,1.99,0.6,1.4783,-1.35,3.96,46.68,0.0,0.76,1.0,18.4,16.4,10.2,71.02618182,No Group,,,87.0,63.5,60.0,,0.0,,,,160 Â£/L,Dimethylsulfoxide
21,21,21.0,21.0,21.0,21.0,21.0,Dioxane,Hazardous,1.0,88.11,101.2,11.75,1.0337,1.18,38.1,1.4224,-0.27,0.0,2.2,0.0,0.37,0.55,19.0,1.8,7.4,85.23749637,No Group,,,,,,,,,,,56 Â£/L,Dioxane
22,22,22.0,22.0,22.0,22.0,22.0,Ethanol,Recommended,3.0,46.0688,78.24,-114.1,0.7893,1.07,59.3,1.3611,-0.31,1.69,24.55,0.86,0.75,0.54,15.8,8.8,19.4,58.366654,Alcohol,,,,,,,,,,,40 Â£/L,Ethanol
23,23,23.0,23.0,23.0,23.0,23.0,Ethyl acetate,Recommended,3.0,88.106,77.1,-83.8,0.9003,0.42,93.2,1.3723,0.73,1.78,6.0,0.0,0.45,0.55,15.8,5.3,7.2,97.86293458,No Group,,100.0,89.0,,,95.0,100.0,72.0,97.0,,28 Â£/L,Ethyl acetate
24,24,24.0,24.0,24.0,24.0,24.0,Ethyl lactate,No Ranking,,118.13,154.0,-26.0,1.0328,2.398,3.75,1.4124,-0.19,2.55,13.1,0.69,0.52,0.82,16.0,7.6,12.5,114.3783888,No Group,,,,,,,,,,,55 Â£/L,
25,25,25.0,25.0,25.0,25.0,25.0,Ethylene carbonate,No Ranking,,88.0628,248.0,36.4,1.3214,1.93,0.00979,1.4148,-0.9,4.51,89.78,0.0,0.32,0.99,19.4,21.7,5.1,66.64355986,No Group,,,,,,,,,,,38 Â£/L,
26,26,26.0,26.0,26.0,26.0,26.0,Ethylene glycol,Recommended,3.0,62.0682,197.3,-12.69,1.1135,16.1,0.092,1.4318,-1.36,2.31,37.7,0.9,0.52,0.92,17.0,11.0,26.0,55.7415357,No Group,,,,,,,,,,,23 Â£/L,Ethylene Glycol
27,27,27.0,27.0,27.0,27.0,27.0,Gamma-valerolactone,No Ranking,,100.12,205.0,-31.0,1.05,1.86,0.33,1.4313,-0.27,4.71,36.14,0.0,0.58,0.88,15.5,4.7,6.6,95.35238095,No Group,,,,78.5,73.0,63.0,,25.0,,86.0,98 Â£/L,
28,28,28.0,28.0,28.0,28.0,28.0,Heptane,Problematic,2.0,100.2034,98.38,-90.549,0.6795,0.395,46.03,1.3855,4.66,0.0,1.92,0.0,0.0,-0.08,15.3,0.0,0.0,147.4663723,Alkane,,,,,,,,,,,47 Â£/L,Heptane
29,29,29.0,29.0,29.0,29.0,29.0,Hexafluoroisopropanol,No Ranking,,168.05,58.9,-3.9,1.596,1.58,158.0,1.275,1.91,2.05,16.7,1.96,0.0,0.65,17.2,4.5,14.7,105.2944862,No Group,,,,,,,,,,,1000 Â£/L,
30,30,30.0,30.0,30.0,30.0,30.0,Hexamethylphosphoramide,Highly Hazardous,0.0,179.2,233.0,6.1,1.03,3.24,0.03,1.4572,0.28,4.19,29.0,0.0,1.05,0.87,18.5,8.6,11.3,173.9805825,No Group,,,,,,,,,,,452 Â£/L,HMPA
31,31,31.0,31.0,31.0,31.0,31.0,Hexane,Hazardous,1.0,86.1766,68.7,-95.35,0.6606,0.295,153.0,1.3727,3.9,0.0,1.88,0.0,0.0,-0.04,14.9,0.0,0.0,130.4520133,Alkane,,,,,,,,,,,70 Â£/L,hexane
32,32,32.0,32.0,32.0,32.0,32.0,i-Amyl alcohol,No Ranking,,88.1492,132.5,-117.2,0.813,3.738,2.37,1.4075,1.16,1.7,15.2,0.84,0.86,0.4,15.8,5.2,13.3,108.4246002,No Group,,,,,,,,,,,62 Â£/L,
33,33,33.0,33.0,33.0,33.0,33.0,i-Butanol,No Ranking,,74.1224,108.0,-108.0,0.8018,3.332,10.4,1.3955,0.76,1.64,17.7,0.79,0.84,0.4,15.1,5.7,15.9,92.44499875,Alcohol,,,,,,,,,,,60 Â£/L,
34,34,34.0,34.0,34.0,34.0,34.0,Isopropyl alcohol,Recommended,3.0,60.0956,82.3,-88.5,0.78509,2.04,45.4,1.377,0.05,1.59,19.4,0.76,0.95,0.48,15.8,6.1,16.4,76.54612847,Alcohol,,100.0,,,,,,,31.0,,47 Â£/L,
35,35,35.0,35.0,35.0,35.0,35.0,Isopropylacetate,Recommended,3.0,102.1328,88.6,-73.4,0.8718,0.49,60.37,1.3773,1.02,1.75,6.3,0.0,0.4,0.53,14.9,4.5,8.2,117.1516403,No Group,,,,,,96.0,100.0,77.0,,,27 Â£/L,isopropylacetate
36,36,36.0,36.0,36.0,36.0,36.0,Methanol,Recommended,3.0,32.042,64.7,-97.8,0.7866,0.54,127.0,1.3292,-0.77,1.7,32.7,0.98,0.66,0.6,15.1,12.3,22.3,40.73480803,Alcohol,,,,,,,,,28.0,,31 Â£/L,Methanol
37,37,37.0,37.0,37.0,37.0,37.0,Methyl cyclohexane,Problematic,2.0,98.1876,100.9,-126.6,0.7694,0.687,46.0,1.4231,3.61,0.0,2.02,0.264705882,0.419019608,-0.01,16.0,0.0,1.0,127.6158045,Alkane,,,,,,,,,,,30 Â£/L,Methylcyclohexane
38,38,38.0,38.0,38.0,38.0,38.0,Methyl ethyl ketone,Recommended,3.0,72.1066,79.59,-86.67,0.7997,0.41,90.6,1.3788,0.29,2.76,18.4,0.06,0.48,0.67,16.0,9.0,5.1,90.16706265,No Group,,,,,,,,,,,24 Â£/L,MEK
39,39,39.0,39.0,39.0,39.0,39.0,Methyl isobutyl ketone,Recommended,3.0,100.1602,115.7,-85.0,0.7965,0.55,19.9,1.3962,1.31,2.7,13.11,0.02,0.48,0.65,15.3,6.1,4.1,125.750408,No Group,,,,,,,,,,,30 Â£/L,Methyl isobutyl ketone
40,40,40.0,40.0,40.0,40.0,40.0,Methyl tert-butyl ether,Hazardous,1.0,88.1492,55.1,-108.6,0.7353,0.319,250.0,1.3664,0.94,1.36,2.6,0.264705882,0.419019608,0.624716981,14.8,4.3,5.0,119.8819529,No Group,,100.0,,,,98.0,100.0,92.0,,,45 Â£/L,t-Butyl methyl ether
41,41,41.0,41.0,41.0,41.0,41.0,Methyl tetrahydrofuran,Problematic,2.0,86.1334,81.0,-136.0,0.85,0.4753,81.8,1.406,0.82,1.38,6.97,0.0,0.58,0.53,16.9,5.0,4.3,101.3334118,No Group,81.0,100.0,,,,96.0,100.0,98.0,38.0,,54 Â£/L,Methyl tetrahydrofuran
42,42,42.0,42.0,42.0,42.0,42.0,Dimethylethylene urea,No Ranking,,114.15,225.0,8.0,1.058,1.9256,0.1,1.472,-0.03,2.64,37.6,0.264705882,0.419019608,0.624716981,17.8,9.5,9.3,107.8922495,No Group,,,,,,,,,,,318 Â£/L,
43,43,43.0,43.0,43.0,43.0,43.0,Dimethylformamide,Hazardous,1.0,73.0944,152.8,-60.3,0.9445,0.79,3.87,1.42083,-1.01,3.82,36.71,0.0,0.69,0.88,17.4,13.7,11.3,77.38951826,No Group,,100.0,,69.0,88.0,,,,,,32 Â£/L,Dimethylformamide
44,44,44.0,44.0,44.0,44.0,44.0,Dimethylpropylene urea,Problematic,2.0,128.18,246.5,-23.0,1.06,2.917,0.0,1.472,-0.03,4.17,36.12,0.264705882,0.419019608,1.08,18.0,10.5,9.7,120.9245283,No Group,,,,,,,,,,,350 Â£/L,
45,45,45.0,45.0,45.0,45.0,45.0,Nitrobenzene,No Ranking,,123.11,210.8,5.7,1.2037,1.863,0.245,1.5562,1.85,4.23,36.09,0.0,0.3,1.01,20.0,8.6,4.1,102.2763147,No Group,,,,,,,,,,,52 Â£/L,
46,46,46.0,46.0,46.0,46.0,46.0,Nitromethane,Highly Hazardous,0.0,64.059,101.1,-28.7,1.1371,0.63,35.8,1.3817,-0.35,3.46,39.4,0.22,0.06,0.85,15.8,18.8,5.1,56.33541465,No Group,,,,,,,,,,,96 Â£/L,Nitromethane
47,47,47.0,47.0,47.0,47.0,47.0,N-methylpyrrolidinone,Hazardous,1.0,85.15,202.0,-25.0,1.027,1.65,0.345,1.469,-0.38,4.09,32.2,0.0,0.77,0.92,18.0,12.3,7.2,82.91139241,No Group,,,,69.0,100.0,,,,,,37 Â£/L,N-methylpyrolidine
48,48,48.0,48.0,48.0,48.0,48.0,Pentane,Hazardous,1.0,72.1498,36.06,-129.67,0.6262,0.216,514.04,1.3575,3.39,0.0,1.8,0.0,0.0,-0.08,15.6,0.0,0.0,115.2184606,Alkane,,,,,,,,,,,71 Â£/L,Pentane
49,49,49.0,49.0,49.0,49.0,49.0,Propylene carbonate,No Ranking,,102.09,241.6,-48.8,1.2047,2.5,0.045,1.4189,-0.41,4.77,62.93,0.0,0.38,0.9,20.0,18.0,4.1,84.74308957,No Group,,,,70.0,80.0,37.0,,22.0,,36.0,43 Â£/L,
50,50,50.0,50.0,50.0,50.0,50.0,p-Xylene,Problematic,2.0,106.167,138.3,13.3,0.86104,0.6,8.84,1.49575,3.15,0.0,2.27,0.0,0.12,0.43,17.6,1.0,3.1,123.3008919,Arene,,,,,,,,,,,49 Â£/L,
51,51,51.0,51.0,51.0,51.0,51.0,Pyridine,Hazardous,1.0,79.1,115.25,-41.6,0.98272,0.88,20.8,1.5092,0.65,2.19,12.5,0.0,0.64,0.87,19.0,8.8,5.9,80.49088245,No Group,,,,,,,,,,,130 Â£/L,Pyridine
52,52,52.0,52.0,52.0,52.0,52.0,t-Butanol,Recommended,3.0,74.1224,82.3,25.7,0.7886,4.3839,40.7,1.3878,0.35,1.31,10.9,0.42,0.93,0.41,15.2,5.1,14.7,93.99239158,Alcohol,,,,,,,,,,,34 Â£/L,t-Butanol
53,53,53.0,53.0,53.0,53.0,53.0,Tetrahydrofuran,Problematic,2.0,72.1066,65.0,-108.44,0.89,0.46,162.0,1.407,0.47,1.7,7.58,0.0,0.55,0.58,16.8,5.7,8.0,81.01865169,No Group,54.0,,84.0,,,94.0,,,,,27 Â£/L,Tetrahydrofuran
54,54,54.0,54.0,54.0,54.0,54.0,Toluene,Problematic,2.0,92.1402,110.6,-94.9,0.8623,0.56,28.4,1.4967,2.73,0.36,2.33,0.0,0.11,0.54,18.0,1.4,2.0,106.8539951,Arene,,,,12.5,,,100.0,,,,30 Â£/L,Toluene
55,55,55.0,55.0,55.0,55.0,55.0,Trifluoroethanol,No Ranking,,100.04,74.5,-44.0,1.391,1.768,71.3,1.29,0.31,2.52,8.55,1.51,0.0,0.73,15.4,8.3,16.4,71.91948239,No Group,,,,,,,,,,,358 Â£/L,
56,56,56.0,56.0,56.0,56.0,56.0,Water,Recommended,3.0,18.0152,100.0,0.0,0.995,0.89,23.8,1.333,-1.38,1.857,80.1,1.17,0.47,1.09,15.5,16.0,42.3,18.10572864,No Group,,,,,,,,,,,1 Â£/L,Water
57,57,57.0,57.0,57.0,0.0,,"1,1,1-trichloroethane",,,,,,,,,,,,,0.0,0.0,0.49,17.0,4.3,2.0,100.4,,,,,,,,,,,,,
58,58,58.0,58.0,58.0,0.0,,"1,1,2,2-tetrachloroethane",,,,,,,,,,,,,0.0,0.0,0.95,18.8,5.1,9.4,105.2,,,,,,,,,,,,,
59,59,59.0,59.0,59.0,0.0,,"1,1-dichloroethane",,,,,,,,,,,,,0.1,0.1,0.48,16.6,8.2,0.4,84.8,,,,,,,,,,,,,
60,60,60.0,60.0,60.0,0.0,,"1,1-dichloroethylene",,,,,,,,,,,,,,,,17.0,6.8,4.5,79.0,,,,,,,,,,,,,
61,61,61.0,61.0,61.0,0.0,,"1,2,3,4-tetrahydronaphthalene",,,,,,,,,,,,,,,,19.6,2.0,2.9,136.0,,,,,,,,,,,,,
62,62,62.0,62.0,62.0,0.0,,"1,2-dibromoethane",,,,,,,,,,,,,0.0,0.0,0.75,19.6,6.8,12.1,87.0,,,,,,,,,,,,,
63,63,63.0,63.0,63.0,0.0,,"1,2-dichlorobenzene",,,,,,,,,,,,,0.0,0.03,0.8,19.2,6.3,3.3,112.8,,,,,,,,,,,,,
64,64,64.0,64.0,64.0,0.0,,"1,3-dimethylcyclohexane",,,,,,,,,,,,,,,,16.1,0.0,1.1,140.0,,,,,,,,,,,,,
65,65,65.0,65.0,65.0,0.0,,"1,3-dioxolane",,,,,,,,,,,,,0.0,0.45,0.69,18.1,6.6,9.3,69.9,,,,,,,,,,,,,
66,66,66.0,66.0,66.0,0.0,,"1,4-diethylbenzene",,,,,,,,,,,,,,,,18.0,0.0,0.6,156.9,,,,,,,,,,,,,
67,67,68.0,68.0,68.0,0.0,,1-butanol,#9ACD32,,74.0,117.6,-89.0,0.81,2.544,6.698,13.988,0.785,,,,,,16.0,5.7,15.8,91.5,,,,,,,,,,,,,
68,68,69.0,69.0,69.0,0.0,,1-chlorobutane,,,,,,,,,,,,,0.0,0.0,0.39,16.4,5.5,2.0,104.9,,,,,,,,,,,,,
69,69,70.0,70.0,70.0,0.0,,1-chloropropane,,,,,,,,,,,,,,,,16.0,7.8,2.0,88.1,,,,,,,,,,,,,
70,70,71.0,71.0,71.0,0.0,,1-decanol,,,,,,,,,,,,,,,,17.6,2.7,10.0,191.8,,,,,,,,,,,,,
71,71,72.0,72.0,72.0,0.0,,1-methoxy-2-propanol,,,,,,,,,,,,,,,,15.6,6.3,11.6,98.2,,,,,,,,,,,,,
72,72,74.0,74.0,74.0,0.0,,1-methylnaphthalene,,,,,,,,,,,,,,,,20.6,0.8,4.7,138.8,,,,,,,,,,,,,
73,73,75.0,75.0,75.0,0.0,,1-octanol,,,,,,,,,,,,,,,,17.0,3.3,11.9,157.7,,,,,,,,,,,,,
74,74,76.0,76.0,76.0,0.0,,1-phenoxy-2-propanol,,,,,,,,,,,,,,,,17.4,5.3,11.5,143.2,,,,,,,,,,,,,
75,75,77.0,77.0,77.0,0.0,,1-propanol,,,,,,,,,,,,,,,,16.0,6.8,17.4,75.2,,,,,,,,,,,,,
76,76,78.0,78.0,78.0,0.0,,1-tridecanol,,,,,,,,,,,,,,,,14.3,3.1,9.0,242.0,,,,,,,,,,,,,
77,77,79.0,79.0,79.0,0.0,,"2,2-butoxyethoxyethylacetate",,,,,,,,,,,,,,,,16.0,4.1,8.2,208.2,,,,,,,,,,,,,
78,78,80.0,80.0,80.0,0.0,,"2,6-dimethyl-4-heptanone",,,,,,,,,,,,,,,,16.0,3.7,4.1,177.1,,,,,,,,,,,,,
79,79,81.0,81.0,81.0,0.0,,2-butanol,,,,,,,,,,,,,0.69,0.8,0.4,15.8,5.7,14.5,92.0,,,,,,,,,,,,,
80,80,84.0,84.0,84.0,0.0,,2-butoxyethylacetate,,,,,,,,,,,,,,,,15.3,7.5,6.8,171.2,,,,,,,,,,,,,
81,81,85.0,85.0,85.0,0.0,,2-chloroethylether,,,,,,,,,,,,,,,,18.8,9.0,5.7,117.6,,,,,,,,,,,,,
82,82,86.0,86.0,86.0,0.0,,2-ethoxyethanol,,,,,,,,,,,,,,,,16.2,9.2,14.3,97.8,,,,,,,,,,,,,
83,83,87.0,87.0,87.0,0.0,,2-ethoxyethylacetate,,,,,,,,,,,,,,,,16.0,4.7,10.6,136.2,,,,,,,,,,,,,
84,84,88.0,88.0,88.0,0.0,,2-furaldehyde,,,,,,,,,,,,,,,,18.6,14.9,5.1,83.2,,,,,,,,,,,,,
85,85,90.0,90.0,90.0,0.0,,2-nitropropane,,,,,,,,,,,,,,,,16.2,12.1,4.1,86.9,,,,,,,,,,,,,
86,86,91.0,91.0,91.0,0.0,,2-octanol,,,,,,,,,,,,,,,,16.2,4.9,11.0,159.1,,,,,,,,,,,,,
87,87,92.0,92.0,92.0,0.0,,2-pentanone,,,,,,,,,,,,,0.0,0.52,0.65,16.0,7.6,4.7,107.3,,,,,,,,,,,,,
88,88,94.0,94.0,94.0,0.0,,2-pyrrolidinone,,,,,,,,,,,,,,,,19.4,17.4,11.3,76.0,,,,,,,,,,,,,
89,89,95.0,95.0,95.0,0.0,,3-chloro-1-propanol,,,,,,,,,,,,,,,,17.6,5.7,14.7,84.2,,,,,,,,,,,,,
90,90,96.0,96.0,96.0,0.0,,3-hexanol,,,,,,,,,,,,,,,,15.8,4.3,13.5,123.2,,,,,,,,,,,,,
91,91,97.0,97.0,97.0,0.0,,3-hydroxypropionitrile,,,,,,,,,,,,,,,,17.2,18.8,17.6,68.3,,,,,,,,,,,,,
92,92,99.0,99.0,99.0,0.0,,3-pentanone,#9ACD32,,86.0,101.9,-39.0,0.8,0.45,37.653,1.392,0.85,,,0.0,0.45,0.72,15.8,7.6,4.7,106.4,,,,,,,,,,,,,
93,93,100.0,100.0,100.0,0.0,,4-hydroxy-4-methyl-2-pentanone,,,,,,,,,,,,,,,,15.8,8.2,10.8,124.2,,,,,,,,,,,,,
94,94,101.0,101.0,101.0,0.0,,"4-hydroxymethyl-1,3-dioxolan-2-one",,,,,,,,,,,,,,,,17.9,25.5,17.4,83.2,,,,,,,,,,,,,
95,95,102.0,102.0,102.0,0.0,,4-methyl-2-pentanol,,,,,,,,,,,,,,,,15.3,3.3,12.3,127.2,,,,,,,,,,,,,
96,96,104.0,104.0,104.0,0.0,,4-octanol,,,,,,,,,,,,,,,,16.0,3.3,11.9,157.0,,,,,,,,,,,,,
97,97,105.0,105.0,105.0,0.0,,5-methyl-2-hexanone,,,,,,,,,,,,,,,,16.0,5.7,4.1,142.8,,,,,,,,,,,,,
98,98,106.0,106.0,106.0,0.0,,acetaldehyde,,,,,,,,,,,,,,,,14.7,8.0,11.3,57.1,,,,,,,,,,,,,
99,99,107.0,107.0,107.0,0.0,,acetophenone,,,,,,,,,,,,,0.04,0.49,0.9,19.6,8.6,3.7,117.4,,,,,,,,,,,,,
100,100,108.0,108.0,108.0,0.0,,acetylchloride,,,,,,,,,,,,,,,,15.8,10.6,3.9,71.0,,,,,,,,,,,,,
101,101,109.0,109.0,109.0,0.0,,acrylonitrile,,,,,,,,,,,,,,,,16.4,17.4,6.8,67.1,,,,,,,,,,,,,
102,102,110.0,110.0,110.0,0.0,,allylalcohol,,,,,,,,,,,,,,,,16.2,10.8,16.8,68.4,,,,,,,,,,,,,
103,103,111.0,111.0,111.0,0.0,,amylalcohol,,,,,,,,,,,,,,,,16.0,4.5,13.9,109.0,,,,,,,,,,,,,
104,104,112.0,112.0,112.0,0.0,,benzaldehyde,,,,,,,,,,,,,,,,19.4,7.4,5.3,101.5,,,,,,,,,,,,,
105,105,113.0,113.0,113.0,0.0,,benzoicacid,,,,,,,,,,,,,,,,18.2,7.0,9.8,100.0,,,,,,,,,,,,,
106,106,114.0,114.0,114.0,0.0,,benzonitrile,,,,,,,,,,,,,0.0,0.37,0.9,17.4,9.0,3.3,102.6,,,,,,,,,,,,,
107,107,115.0,115.0,115.0,0.0,,benzylbenzoate,,,,,,,,,,,,,,,,20.0,5.1,5.2,190.3,,,,,,,,,,,,,
108,108,116.0,116.0,116.0,0.0,,benzylbutylphthalate,,,,,,,,,,,,,,,,19.0,11.3,3.1,306.0,,,,,,,,,,,,,
109,109,117.0,117.0,117.0,0.0,,benzylether,,,,,,,,,,,,,,,,17.4,3.7,7.4,192.7,,,,,,,,,,,,,
110,110,118.0,118.0,118.0,0.0,,biphenyl,,,,,,,,,,,,,,,,21.5,1.0,2.0,154.1,,,,,,,,,,,,,
111,111,119.0,119.0,119.0,0.0,,bis-2-chloroisopropylether,,,,,,,,,,,,,,,,19.0,8.2,5.1,146.0,,,,,,,,,,,,,
112,112,120.0,120.0,120.0,0.0,,bromobenzene,,,,,,,,,,,,,0.0,0.06,0.79,20.5,5.5,4.1,105.3,,,,,,,,,,,,,
113,113,121.0,121.0,121.0,0.0,,bromochloromethane,,,,,,,,,,,,,,,,17.4,5.7,3.5,65.0,,,,,,,,,,,,,
114,114,122.0,122.0,122.0,0.0,,bromoethane,,,,,,,,,,,,,,,,16.6,8.0,5.1,76.9,,,,,,,,,,,,,
115,115,123.0,123.0,123.0,0.0,,bromoform,,,,,,,,,,,,,,,,21.5,4.1,6.1,87.5,,,,,,,,,,,,,
116,116,124.0,124.0,124.0,0.0,,bromotrifluoromethane,,,,,,,,,,,,,,,,9.6,2.5,0.0,97.0,,,,,,,,,,,,,
117,117,125.0,125.0,125.0,0.0,,butoxypropanol,,,,,,,,,,,,,,,,15.3,4.5,9.2,132.0,,,,,,,,,,,,,
118,118,126.0,126.0,126.0,0.0,,butylacetate,,,,,,,,,,,,,0.0,0.45,0.46,15.8,3.7,6.3,132.5,,,,,,,,,,,,,
119,119,127.0,127.0,127.0,0.0,,butylamine,,,,,,,,,,,,,0.0,0.72,0.31,16.2,4.5,8.0,99.0,,,,,,,,,,,,,
120,120,128.0,128.0,128.0,0.0,,butylbenzoate,,,,,,,,,,,,,,,,18.3,5.6,5.5,178.1,,,,,,,,,,,,,
121,121,129.0,129.0,129.0,0.0,,butyllactate,,,,,,,,,,,,,,,,15.8,6.5,10.2,149.0,,,,,,,,,,,,,
122,122,130.0,130.0,130.0,0.0,,butylpropionate,,,,,,,,,,,,,,,,15.7,5.5,5.9,149.3,,,,,,,,,,,,,
123,123,131.0,131.0,131.0,0.0,,butylstearate,,,,,,,,,,,,,,,,14.5,3.7,3.5,382.0,,,,,,,,,,,,,
124,124,132.0,132.0,132.0,0.0,,butyraldehyde,,,,,,,,,,,,,,,,14.7,5.3,7.0,88.5,,,,,,,,,,,,,
125,125,133.0,133.0,133.0,0.0,,butyricacid,,,,,,,,,,,,,,,,14.9,4.1,10.6,110.0,,,,,,,,,,,,,
126,126,134.0,134.0,134.0,0.0,,butyronitrile,,,,,,,,,,,,,,,,15.3,12.5,5.1,87.0,,,,,,,,,,,,,
127,127,135.0,135.0,135.0,0.0,,caprolactone,,,,,,,,,,,,,,,,19.7,15.0,7.4,110.8,,,,,,,,,,,,,
128,128,136.0,136.0,136.0,0.0,,carbondisulfide,#FF6347,,76.0,46.3,-110.8,1.266,0.36,300.0,1.624,1.84,,,0.0,0.07,0.61,20.5,0.0,0.6,60.0,,,,,,,,,,,,,
129,129,137.0,137.0,137.0,0.0,,chlorobenzene,#FFD700,,112.0,131.0,-45.0,1.11,0.753,12.0,15.241,2.8,,,0.0,0.07,0.71,19.0,4.3,2.0,102.1,,,,,,,,,,,,,
130,130,138.0,138.0,138.0,0.0,,chlorodifluoromethane,,,,,,,,,,,,,,,,12.3,6.3,5.7,72.9,,,,,,,,,,,,,
131,131,139.0,139.0,139.0,0.0,,chloromethane,,,,,,,,,,,,,,,,15.3,6.1,3.9,55.4,,,,,,,,,,,,,
132,132,140.0,140.0,140.0,0.0,,cyanol,,,,,,,,,,,,,,,,19.4,5.1,10.2,91.5,,,,,,,,,,,,,
133,133,141.0,141.0,141.0,0.0,,cyclohexanol,#9ACD32,,100.0,161.0,23.0,0.9684,57.5,1.0,1.465,13.114,,,0.66,0.84,0.45,17.4,4.1,13.5,106.0,,,,,,,,,,,,,
134,134,142.0,142.0,142.0,0.0,,cyclohexylamine,,,,,,,,,,,,,,,,17.4,3.1,6.5,115.2,,,,,,,,,,,,,
135,135,143.0,143.0,143.0,0.0,,dibutylphthalate,,,,,,,,,,,,,,,,17.8,8.6,4.1,266.0,,,,,,,,,,,,,
136,136,144.0,144.0,144.0,0.0,,dibutylsebacate,,,,,,,,,,,,,,,,13.9,4.5,4.1,339.0,,,,,,,,,,,,,
137,137,145.0,145.0,145.0,0.0,,dichlorofluoromethane,,,,,,,,,,,,,,,,15.8,3.1,5.7,75.4,,,,,,,,,,,,,
138,138,147.0,147.0,147.0,0.0,,diethylamine,,,,,,,,,,,,,0.3,0.7,0.24,14.9,2.3,6.1,103.2,,,,,,,,,,,,,
139,139,148.0,148.0,148.0,0.0,,diethylcarbonate,,,,,,,,,,,,,0.0,0.4,0.45,16.6,3.1,6.1,121.0,,,,,,,,,,,,,
140,140,149.0,149.0,149.0,0.0,,diethyleneglycolbutylether,,,,,,,,,,,,,,,,16.0,7.0,10.6,170.6,,,,,,,,,,,,,
141,141,150.0,150.0,150.0,0.0,,diethyleneglycoldimethylether,,,,,,,,,,,,,,,,15.8,6.1,9.2,142.0,,,,,,,,,,,,,
142,142,151.0,151.0,151.0,0.0,,diethyleneglycolmethylether,,,,,,,,,,,,,,,,16.2,7.8,12.7,118.0,,,,,,,,,,,,,
143,143,152.0,152.0,152.0,0.0,,diethyleneglycolmonoethylether,,,,,,,,,,,,,,,,16.2,9.2,12.3,130.9,,,,,,,,,,,,,
144,144,153.0,153.0,153.0,0.0,,diethylenetriamine,,,,,,,,,,,,,,,,16.8,13.3,14.3,108.0,,,,,,,,,,,,,
145,145,154.0,154.0,154.0,0.0,,diethylphthalate,,,,,,,,,,,,,,,,17.6,9.6,4.5,198.0,,,,,,,,,,,,,
146,146,155.0,155.0,155.0,0.0,,diethylsulfate,,,,,,,,,,,,,,,,15.8,14.7,7.2,131.5,,,,,,,,,,,,,
147,147,156.0,156.0,156.0,0.0,,diethylsulfide,,,,,,,,,,,,,0.0,0.37,0.46,17.0,3.1,2.0,108.2,,,,,,,,,,,,,
148,148,157.0,157.0,157.0,0.0,,diisopropylether,#FF6347,,102.0,68.0,-86.8,0.7192,0.38,149.262,1.368,1.52,,,0.0,0.49,0.27,15.1,3.2,3.2,141.8,,,,,,,,,,,,,
149,149,158.0,158.0,158.0,0.0,,dimethylphthalate,,,,,,,,,,,,,0.0,0.78,0.82,18.6,10.8,4.9,163.0,,,,,,,,,,,,,
150,150,159.0,159.0,159.0,0.0,,dimethylsulfone,,,,,,,,,,,,,,,,19.0,19.4,12.3,75.0,,,,,,,,,,,,,
151,151,160.0,160.0,160.0,0.0,,dinoctylphthalate,,,,,,,,,,,,,,,,16.6,7.0,3.1,277.0,,,,,,,,,,,,,
152,152,161.0,161.0,161.0,0.0,,dipropylamine,,,,,,,,,,,,,,,,15.3,1.4,4.1,136.9,,,,,,,,,,,,,
153,153,162.0,162.0,162.0,0.0,,dipropyleneglycol,,,,,,,,,,,,,,,,16.5,10.6,17.7,131.8,,,,,,,,,,,,,
154,154,163.0,163.0,163.0,0.0,,dipropyleneglycolbutylether,,,,,,,,,,,,,,,,15.7,6.5,10.0,211.2,,,,,,,,,,,,,
155,155,164.0,164.0,164.0,0.0,,dllimonene,,,,,,,,,,,,,,,,17.2,1.8,4.3,162.9,,,,,,,,,,,,,
156,156,165.0,165.0,165.0,0.0,,dowanoldpm,,,,,,,,,,,,,,,,15.5,5.7,11.2,156.1,,,,,,,,,,,,,
157,157,166.0,166.0,166.0,0.0,,epichlorohydrin,,,,,,,,,,,,,,,,19.0,10.2,3.7,79.9,,,,,,,,,,,,,
158,158,167.0,167.0,167.0,0.0,,ethanethiol,,,,,,,,,,,,,,,,15.8,6.5,7.2,74.3,,,,,,,,,,,,,
159,159,168.0,168.0,168.0,0.0,,ethanolamine,,,,,,,,,,,,,,,,15.8,8.8,19.4,58.5,,,,,,,,,,,,,
160,160,170.0,170.0,170.0,0.0,,ethylbenzene,,,,,,,,,,,,,,,,17.8,0.6,1.4,123.1,,,,,,,,,,,,,
161,161,171.0,171.0,171.0,0.0,,ethylchloroformate,,,,,,,,,,,,,,,,15.5,10.0,6.8,95.6,,,,,,,,,,,,,
162,162,172.0,172.0,172.0,0.0,,ethylcinnamate,,,,,,,,,,,,,,,,18.4,8.2,4.1,166.8,,,,,,,,,,,,,
163,163,173.0,173.0,173.0,0.0,,ethylenediamine,,,,,,,,,,,,,,,,16.6,8.8,17.0,67.3,,,,,,,,,,,,,
164,164,174.0,174.0,174.0,0.0,,ethyleneglycolbutylether,,,,,,,,,,,,,,,,16.0,5.1,12.3,131.6,,,,,,,,,,,,,
165,165,175.0,175.0,175.0,0.0,,ethyleneglycolmonophenylether,,,,,,,,,,,,,,,,17.8,5.7,14.3,124.7,,,,,,,,,,,,,
166,166,176.0,176.0,176.0,0.0,,ethylformate,,,,,,,,,,,,,0.0,0.36,0.61,15.5,8.4,8.4,80.2,,,,,,,,,,,,,
167,167,177.0,177.0,177.0,0.0,,formamide,,,,,,,,,,,,,0.71,0.48,0.97,17.2,26.2,19.0,39.8,,,,,,,,,,,,,
168,168,178.0,178.0,178.0,0.0,,formicacid,#FFD700,,46.0,100.56,4.0,1.214,1.966,42.603,1.369,0.54,,,1.23,0.38,0.65,14.3,11.9,16.6,37.8,,,,,,,,,,,,,
169,169,179.0,179.0,179.0,0.0,,furan,,,,,,,,,,,,,,,,17.8,1.8,5.3,72.5,,,,,,,,,,,,,
170,170,180.0,180.0,180.0,0.0,,furfurylalcohol,,,,,,,,,,,,,,,,17.4,7.6,15.1,86.5,,,,,,,,,,,,,
171,171,181.0,181.0,181.0,0.0,,gammabutyrolactone,,,,,,,,,,,,,,,,18.0,16.6,7.4,76.5,,,,,,,,,,,,,
172,172,182.0,182.0,182.0,0.0,,hexadecafluoroheptane,,,,,,,,,,,,,,,,12.1,0.0,0.0,227.3,,,,,,,,,,,,,
173,173,183.0,183.0,183.0,0.0,,isobutylacetate,#9ACD32,,116.0,116.5,-98.8,0.88,0.69,17.776,1.4,1.72,,,,,,15.1,3.7,6.3,133.5,,,,,,,,,,,,,
174,174,184.0,184.0,184.0,0.0,,isobutylisobutyrate,,,,,,,,,,,,,,,,15.1,2.8,5.8,169.8,,,,,,,,,,,,,
175,175,185.0,185.0,185.0,0.0,,isopentylacetate,,,,,,,,,,,,,,,,15.3,3.1,7.0,148.8,,,,,,,,,,,,,
176,176,186.0,186.0,186.0,0.0,,isophorone,,,,,,,,,,,,,,,,16.6,8.2,7.4,150.5,,,,,,,,,,,,,
177,177,187.0,187.0,187.0,0.0,,isopropylpalmitate,,,,,,,,,,,,,,,,14.3,3.9,3.7,330.0,,,,,,,,,,,,,
178,178,188.0,188.0,188.0,0.0,,mcresol,,,,,,,,,,,,,,,,18.5,6.5,13.7,105.0,,,,,,,,,,,,,
179,179,189.0,189.0,189.0,0.0,,mesitylene,,,,,,,,,,,,,,,,18.0,0.0,0.6,139.8,,,,,,,,,,,,,
180,180,190.0,190.0,190.0,0.0,,mesityloxide,,,,,,,,,,,,,,,,16.4,7.2,6.1,115.6,,,,,,,,,,,,,
181,181,191.0,191.0,191.0,0.0,,methylacetate,#FFD700,,74.0,57.4,-98.0,0.928,0.364,21.602,13.614,0.18,,,0.0,0.42,0.6,15.5,7.2,7.6,79.7,,,,,,,,,,,,,
182,182,192.0,192.0,192.0,0.0,,methyleneiodide,,,,,,,,,,,,,,,,17.8,3.9,5.5,80.5,,,,,,,,,,,,,
183,183,193.0,193.0,193.0,0.0,,methyloleate,,,,,,,,,,,,,,,,14.5,3.9,3.7,340.0,,,,,,,,,,,,,
184,184,194.0,194.0,194.0,0.0,,morpholine,,,,,,,,,,,,,0.29,0.7,0.39,18.8,4.9,9.2,87.1,,,,,,,,,,,,,
185,185,195.0,195.0,195.0,0.0,,naphthalene,,,,,,,,,,,,,,,,19.2,2.0,5.9,111.5,,,,,,,,,,,,,
186,186,196.0,196.0,196.0,0.0,,nitroethane,,,,,,,,,,,,,,,,16.0,15.5,4.5,71.5,,,,,,,,,,,,,
187,187,197.0,197.0,197.0,0.0,,nitropropane,,,,,,,,,,,,,,,,16.6,12.3,5.5,89.5,,,,,,,,,,,,,
188,188,198.0,198.0,198.0,0.0,,nmethylpyrrolidine,,,,,,,,,,,,,,,,18.0,12.3,7.2,96.5,,,,,,,,,,,,,
189,189,202.0,202.0,202.0,0.0,,"n,ndimethylhydrazine",,,,,,,,,,,,,,,,15.3,5.9,11.0,76.0,,,,,,,,,,,,,
190,190,203.0,203.0,203.0,0.0,,octanoicacid,,,,,,,,,,,,,,,,15.1,3.3,8.2,159.0,,,,,,,,,,,,,
191,191,204.0,204.0,204.0,0.0,,oleicacid,,,,,,,,,,,,,,,,14.3,3.1,5.5,320.0,,,,,,,,,,,,,
192,192,205.0,205.0,205.0,0.0,,oleylalcohol,,,,,,,,,,,,,,,,14.3,2.7,8.0,316.0,,,,,,,,,,,,,
193,193,206.0,206.0,206.0,0.0,,oxylene,,,,,,,,,,,,,,,,17.8,1.0,3.1,121.2,,,,,,,,,,,,,
194,194,207.0,207.0,207.0,0.0,,pentylacetate,,,,,,,,,,,,,,,,15.8,3.3,6.1,148.0,,,,,,,,,,,,,
195,195,208.0,208.0,208.0,0.0,,phenol,,,,,,,,,,,,,1.65,0.3,0.72,18.0,5.9,14.9,87.5,,,,,,,,,,,,,
196,196,209.0,209.0,209.0,0.0,,propionitrile,,,,,,,,,,,,,,,,15.3,14.3,5.5,70.9,,,,,,,,,,,,,
197,197,210.0,210.0,210.0,0.0,,propylacetate,,,,,,,,,,,,,,,,15.3,4.3,7.6,115.8,,,,,,,,,,,,,
198,198,211.0,211.0,211.0,0.0,,propylamine,,,,,,,,,,,,,,,,17.0,4.9,8.6,83.0,,,,,,,,,,,,,
199,199,212.0,212.0,212.0,0.0,,propyleneglycolmonomethyletheracetate,,,,,,,,,,,,,,,,15.6,5.6,9.8,137.1,,,,,,,,,,,,,
200,200,213.0,213.0,213.0,0.0,,propylpropionate,,,,,,,,,,,,,,,,15.5,5.6,5.7,132.5,,,,,,,,,,,,,
201,201,214.0,214.0,214.0,0.0,,quinoline,,,,,,,,,,,,,0.0,0.64,0.92,19.4,7.0,7.6,118.0,,,,,,,,,,,,,
202,202,215.0,215.0,215.0,0.0,,resorcinol,,,,,,,,,,,,,,,,18.0,8.4,21.1,87.5,,,,,,,,,,,,,
203,203,216.0,216.0,216.0,0.0,,secbutylacetate,,,,,,,,,,,,,,,,15.0,3.7,7.6,134.0,,,,,,,,,,,,,
204,204,217.0,217.0,217.0,0.0,,stearicacid,,,,,,,,,,,,,,,,16.4,3.3,5.5,326.0,,,,,,,,,,,,,
205,205,218.0,218.0,218.0,0.0,,styrene,,,,,,,,,,,,,,,,18.6,1.0,4.1,115.6,,,,,,,,,,,,,
206,206,219.0,219.0,219.0,0.0,,succinicanhydride,,,,,,,,,,,,,,,,18.6,19.2,16.6,66.8,,,,,,,,,,,,,
207,207,220.0,220.0,220.0,0.0,,sulfolane,,,,,,,,,,,,,0.0,0.39,0.98,18.0,18.0,9.9,95.3,,,,,,,,,,,,,
208,208,222.0,222.0,222.0,0.0,,tertbutylacetate,,,,,,,,,,,,,,,,15.0,3.7,6.0,134.8,,,,,,,,,,,,,
209,209,223.0,223.0,223.0,0.0,,tetrachloroethylene,,,,,,,,,,,,,,,,19.0,6.5,2.9,101.1,,,,,,,,,,,,,
210,210,224.0,224.0,224.0,0.0,,tetrahydrofurfurylalcohol,#FF6347,,102.0,178.0,-80.0,1.054,11.08,0.8,1.452,0.14,,,,,,17.8,8.2,12.9,97.4,,,,,,,,,,,,,
211,211,225.0,225.0,225.0,0.0,,tetramethylurea,,,,,,,,,,,,,,,,16.8,8.2,11.0,120.4,,,,,,,,,,,,,
212,212,226.0,226.0,226.0,0.0,,tributylphosphate,,,,,,,,,,,,,0.0,0.8,0.65,16.4,6.3,4.3,345.0,,,,,,,,,,,,,
213,213,227.0,227.0,227.0,0.0,,trichloroethylene,,,,,,,,,,,,,,,,18.0,3.1,5.3,90.2,,,,,,,,,,,,,
214,214,228.0,228.0,228.0,0.0,,trichlorofluoromethane,,,,,,,,,,,,,,,,15.3,2.0,0.0,92.8,,,,,,,,,,,,,
215,215,229.0,229.0,229.0,0.0,,tricresylphosphate,,,,,,,,,,,,,,,,19.0,12.3,4.5,613.0,,,,,,,,,,,,,
216,216,230.0,230.0,230.0,0.0,,triethylphosphate,,,,,,,,,,,,,0.0,0.77,0.72,16.8,11.5,9.2,171.0,,,,,,,,,,,,,
217,217,231.0,231.0,231.0,0.0,,trifluoromethylundecafluorocyclohexane,,,,,,,,,,,,,,,,12.5,0.0,0.0,196.0,,,,,,,,,,,,,
218,218,233.0,233.0,233.0,0.0,,trimethylphosphate,,,,,,,,,,,,,0.0,0.77,0.72,16.8,16.0,10.2,99.9,,,,,,,,,,,,,
219,219,237.0,237.0,0.0,,,t-Butyl Acetate,,,,,,,,,,,,,,,,15.0,3.7,6.0,134.8,,,,,,,,,,,,,
220,220,239.0,239.0,0.0,,,Butyl Diglycol Acetate,,,,,,,,,,,,,,,,16.0,4.1,8.2,208.2,,,,,,,,,,,,,
221,221,243.0,243.0,0.0,,,m-Cresol,,,,,,,,,,,,,,,,18.5,6.5,13.7,105.0,,,,,,,,,,,,,
222,222,246.0,246.0,0.0,,,Diethylene Glycol Monobutyl Ether,,,,,,,,,,,,,,,,16.0,7.0,10.6,170.4,,,,,,,,,,,,,
223,223,247.0,247.0,0.0,,,Dimethyl Cyclohexane,,,,,,,,,,,,,,,,16.1,0.0,1.1,140.0,,,,,,,,,,,,,
224,224,248.0,248.0,0.0,,,Dipropylene Glycol Methyl Ether,,,,,,,,,,,,,,,,15.5,5.7,11.2,156.1,,,,,,,,,,,,,
225,225,249.0,249.0,0.0,,,Dipropylene Glycol Mono n-Butyl Ether,,,,,,,,,,,,,,,,15.7,6.5,10.0,211.2,,,,,,,,,,,,,
226,226,250.0,250.0,0.0,,,Ethylene Glycol Monobutyl Ether,,,,,,,,,,,,,,,,16.0,5.1,12.3,132.0,,,,,,,,,,,,,
227,227,253.0,253.0,0.0,,,Glycerol Carbonate,,,,,,,,,,,,,,,,17.9,25.5,17.4,83.2,,,,,,,,,,,,,
228,228,256.0,256.0,0.0,,,Iso-Pentyl Acetate,,,,,,,,,,,,,,,,15.3,3.1,7.0,150.2,,,,,,,,,,,,,
229,229,258.0,258.0,0.0,,,Iso-Propyl Acetate,,,,,,,,,,,,,,,,14.9,4.5,8.2,117.1,,,,,,,,,,,,,
230,230,260.0,260.0,0.0,,,d-Limonene,,,,,,,,,,,,,,,,17.2,1.8,4.3,162.9,,,,,,,,,,,,,
231,231,261.0,261.0,0.0,,,Methyl Carbitol,,,,,,,,,,,,,,,,16.2,7.8,12.6,118.2,,,,,,,,,,,,,
232,232,263.0,263.0,0.0,,,Methyl iso-Amyl Ketone,,,,,,,,,,,,,,,,16.0,5.7,4.1,141.3,,,,,,,,,,,,,
233,233,269.0,269.0,0.0,,,"N,N-Dimethyl Acetamide",,,,,,,,,,,,,0.0,0.76,0.88,16.8,11.5,10.2,93.0,,,,,,,,,,,,,
234,234,272.0,272.0,0.0,,,2-Phenoxy Ethanol,,,,,,,,,,,,,,,,17.8,5.7,14.3,124.7,,,,,,,,,,,,,
235,235,275.0,275.0,0.0,,,Propylene Glycol Monobutyl Ether,,,,,,,,,,,,,,,,15.3,4.5,9.2,132.0,,,,,,,,,,,,,
236,236,276.0,276.0,0.0,,,Propylene Glycol Monoethyl Ether Acetate,,,,,,,,,,,,,,,,15.6,6.3,7.7,155.1,,,,,,,,,,,,,
237,237,279.0,279.0,0.0,,,sec-Butyl Acetate,,,,,,,,,,,,,,,,15.0,3.7,7.6,134.0,,,,,,,,,,,,,
238,238,280.0,0.0,,,,3-propanediol,#FFD700,,76.0,214.4,-26.7,1.04,40.01,0.044,1.439,-1.093,,,,,,16.8,13.5,23.2,72.5,,,,,,,,,,,,,
239,239,281.0,0.0,,,,4-dioxane,#FF6347,,88.0,101.5,11.8,1.0,1.19,38.103,14.224,0.42,,,,,,17.5,1.8,9.0,85.7,,,,,,,,,,,,,
240,240,282.0,0.0,,,,3-methoxybutan-1-ol,#9ACD32,,104.0,157.0,-85.0,0.92,2.28,0.908,1.408,0.002,,,,,,15.3,5.4,13.6,113.2,,,,,,,,,,,,,
241,241,284.0,0.0,,,,Benzyl acetate,#FFD700,,150.0,213.0,-51.3,1.06,2.3,0.18,1.501,2.0,,,,,,18.3,5.7,6.0,143.7,,,,,,,,,,,,,
242,242,286.0,0.0,,,,Butyl formate,#FFD700,,102.0,107.0,-92.0,0.892,30.0,28.9,1.391,1.32,,,,,,15.7,6.5,9.2,115.2,,,,,,,,,,,,,
243,243,289.0,0.0,,,,Dibutyl ether,#FFD700,,130.0,140.0,-95.0,0.77,0.69,6.01,13.992,3.21,,,0.0,0.46,0.27,15.2,3.4,3.2,170.4,,,,,,,,,,,,,
244,244,290.0,0.0,,,,dibutylsuccinate,#FFD700,,230.0,274.5,-29.2,0.98,4.0,0.016,14.273,24.532,,,,,,16.1,7.7,8.8,238.3,,,,,,,,,,,,,
245,245,292.0,0.0,,,,diethyl succinate,#FFD700,,174.0,217.7,-21.0,1.04,1.05,0.044,1.42,1.26,,,,,,16.1,7.7,8.8,169.3,,,,,,,,,,,,,
246,246,295.0,0.0,,,,Ethyl butyrate,#9ACD32,,116.0,121.5,-98.0,0.87,0.63,14.476,1.392,1.7,,,,,,15.5,5.6,5.0,132.9,,,,,,,,,,,,,
247,247,296.0,0.0,,,,Ethyl cyclopentane,#FFD700,,98.0,103.0,-138.0,0.763,0.535,38.0,1.426,3.85,,,,,,16.5,1.2,2.0,125.6,,,,,,,,,,,,,
248,248,297.0,0.0,,,,ethyl isopropyl ketone,#FFD700,,100.0,113.5,-82.16,0.8,0.45,18.076,1.397,1.331,,,,,,16.0,7.6,4.7,124.9,,,,,,,,,,,,,
249,249,299.0,0.0,,,,Ethyl propionate,#FFD700,,102.0,99.1,-73.9,0.89,0.5,35.928,1.381,1.21,,,,,,15.5,6.1,4.9,115.6,,,,,,,,,,,,,
250,250,300.0,0.0,,,,ethylene glycol diacetate,#9ACD32,,146.0,190.0,-41.0,1.13,1.49,0.077,14.159,0.4,,,,,,16.2,4.7,9.8,132.7,,,,,,,,,,,,,
251,251,301.0,0.0,,,,glycerol,#FFD700,,92.0,290.0,18.2,1.26,945.0,0.0,1.473,-1.76,,,,,,17.4,11.3,27.2,73.4,,,,,,,,,,,,,
252,252,302.0,0.0,,,,"Hexyl acetate, n-",#9ACD32,,144.0,171.5,-80.9,0.88,1.05,1.32,1.409,2.87,,,,,,15.8,2.9,5.9,166.1,,,,,,,,,,,,,
253,253,307.0,0.0,,,,Lactic acid,#FFD700,,90.0,216.0,53.0,1.19,36.9,0.029,14.392,0.6,,,,,,17.0,8.3,28.4,73.8,,,,,,,,,,,,,
254,254,308.0,0.0,,,,Methyl amyl acetate,#9ACD32,,144.0,147.5,-64.0,0.86,0.98,28.802,1.409,19.841,,,,,,15.2,3.1,6.8,167.4,,,,,,,,,,,,,
255,255,309.0,0.0,,,,Methyl isopropyl ketone,#9ACD32,,86.0,94.0,-94.4,0.8501,0.454,52.714,1.388,0.84,,,,,,15.8,6.8,5.0,107.8,,,,,,,,,,,,,
256,256,310.0,0.0,,,,Methyl laurate,#FFD700,,214.0,267.0,5.2,0.87,3.0,0.004,1.432,5.41,,,,,,16.1,3.6,4.2,247.2,,,,,,,,,,,,,
257,257,315.0,0.0,,,,n-pentyl propionate,#9ACD32,,144.0,169.0,-75.0,0.873,1.0,3.6,1.41,2.823,,,,,,15.8,5.2,5.7,165.3,,,,,,,,,,,,,
258,258,317.0,0.0,,,,o-xylene,#FFD700,,106.0,144.5,-25.2,0.87,0.76,6.608,1.503,3.12,,,,,,17.8,1.0,3.1,121.1,,,,,,,,,,,,,
259,259,318.0,0.0,,,,p-cymene,#9ACD32,,134.0,177.1,-68.9,0.86,0.76,1.463,1.489,4.1,,,,,,18.0,3.5,2.7,156.3,,,,,,,,,,,,,
260,260,320.0,0.0,,,,R-limonene (+) (D),#FFD700,,136.0,176.0,-75.0,0.84,0.923,1.98,1.47,4.57,,,,,,16.5,0.6,0.0,162.9,,,,,,,,,,,,,
261,261,321.0,0.0,,,,tert-Amyl methyl ether,#9ACD32,,102.0,86.3,-80.0,0.766,0.46,75.2,13.862,1.55,,,,,,15.2,4.5,2.5,136.1,,,,,,,,,,,,,
262,262,323.0,0.0,,,,Triethylamine,#FF6347,,101.0,89.3,-114.7,0.75,20.14,57.155,1.401,1.45,,,0.0,0.71,0.14,15.5,0.4,1.0,139.7,,,,,,,,,,,,,
264,0,,,,,,"1,1,3,3-tetramethylguanidine",,,,,,,,,,,,,0.0,0.86,0.76,,,,,,,,,,,,,,,,,
268,0,,,,,,"1,3-dichlorobenzene",,,,,,,,,,,,,0.0,0.03,0.75,,,,,,,,,,,,,,,,,
269,0,,,,,,"1,3-dimethylbenzene",,,,,,,,,,,,,0.0,0.11,0.47,,,,,,,,,,,,,,,,,
270,0,,,,,,"1,4-difluorobenzene",,,,,,,,,,,,,0.0,0.03,0.58,,,,,,,,,,,,,,,,,
272,0,,,,,,1-bromobutane,,,,,,,,,,,,,0.0,0.13,0.5,,,,,,,,,,,,,,,,,
273,0,,,,,,1-butyl-3-methyl-1H-imidazol-3-ium trifluoromethanesulfonate,,,,,,,,,,,,,0.63,0.46,1.01,,,,,,,,,,,,,,,,,
274,0,,,,,,1-butyl-3-methylimidazolium bis(trifluoromethylsulfonyl)imide,,,,,,,,,,,,,0.62,0.24,0.98,,,,,,,,,,,,,,,,,
275,0,,,,,,1-ethyl-3-methyl-1H-imidazol-3-ium dicyanoazanide,,,,,,,,,,,,,0.53,0.35,1.08,,,,,,,,,,,,,,,,,
276,0,,,,,,1-ethyl-3-methyl-1H-imidazol-3-ium hexafluorophosphate,,,,,,,,,,,,,0.76,0.2,0.99,,,,,,,,,,,,,,,,,
277,0,,,,,,1-ethyl-3-methyl-1H-imidazol-3-ium hexyl sulfate,,,,,,,,,,,,,0.65,0.71,0.98,,,,,,,,,,,,,,,,,
278,0,,,,,,1-ethyl-3-methyl-1H-imidazol-3-ium octyl sulfate,,,,,,,,,,,,,0.65,0.77,0.93,,,,,,,,,,,,,,,,,
279,0,,,,,,1-ethyl-3-methyl-1H-imidazol-3-ium perchlorate,,,,,,,,,,,,,0.56,0.41,1.11,,,,,,,,,,,,,,,,,
280,0,,,,,,1-ethyl-3-methylimidazolium acetate,,,,,,,,,,,,,0.4,0.95,1.09,,,,,,,,,,,,,,,,,
281,0,,,,,,1-ethyl-3-methylimidazolium bis(trifluoromethylsulfonyl)imide,,,,,,,,,,,,,0.76,0.28,0.9,,,,,,,,,,,,,,,,,
282,0,,,,,,1-ethyl-3-methylimidazolium nitrate,,,,,,,,,,,,,0.48,0.66,1.13,,,,,,,,,,,,,,,,,
283,0,,,,,,1-ethyl-3-methylimidazolium tetrafluoroborate,,,,,,,,,,,,,0.7,0.26,1.03,,,,,,,,,,,,,,,,,
284,0,,,,,,1-hexyl-3-methyl-1H-imidazol-3-ium bis[(trifluoromethyl)sulfonyl]azanide,,,,,,,,,,,,,0.65,0.25,0.98,,,,,,,,,,,,,,,,,
285,0,,,,,,1-iodobutane,,,,,,,,,,,,,0.0,0.23,0.47,,,,,,,,,,,,,,,,,
286,0,,,,,,"2,2,2-trifluoroethanol",,,,,,,,,,,,,1.51,0.0,0.73,,,,,,,,,,,,,,,,,
287,0,,,,,,"2,6-dimethylpyridine",,,,,,,,,,,,,0.0,0.76,0.8,,,,,,,,,,,,,,,,,
288,0,,,,,,2-bromopyridine,,,,,,,,,,,,,0.0,0.53,1.0,,,,,,,,,,,,,,,,,
290,0,,,,,,2-chloroaniline,,,,,,,,,,,,,0.25,0.4,0.83,,,,,,,,,,,,,,,,,
291,0,,,,,,2-chloroethanol,,,,,,,,,,,,,1.28,0.53,0.46,,,,,,,,,,,,,,,,,
292,0,,,,,,2-cyanopyridine,,,,,,,,,,,,,0.0,0.29,1.2,,,,,,,,,,,,,,,,,
293,0,,,,,,2-fluoropyridine,,,,,,,,,,,,,0.0,0.51,0.84,,,,,,,,,,,,,,,,,
294,0,,,,,,2-heptanone,,,,,,,,,,,,,0.05,0.48,0.61,,,,,,,,,,,,,,,,,
296,0,,,,,,2-methyl-2-butanol,,,,,,,,,,,,,0.28,0.93,0.4,,,,,,,,,,,,,,,,,
298,0,,,,,,2-methylbutane,,,,,,,,,,,,,0.0,0.01,-0.08,,,,,,,,,,,,,,,,,
299,0,,,,,,2-phenylacetonitrile,,,,,,,,,,,,,0.0,0.41,1.0,,,,,,,,,,,,,,,,,
300,0,,,,,,2-phenylethanol,,,,,,,,,,,,,0.64,0.61,0.88,,,,,,,,,,,,,,,,,
305,0,,,,,,"3,4-dimethylpyridine",,,,,,,,,,,,,0.0,0.78,0.73,,,,,,,,,,,,,,,,,
306,0,,,,,,3-bromopyridine,,,,,,,,,,,,,0.0,0.6,0.89,,,,,,,,,,,,,,,,,
307,0,,,,,,3-chlorophenol,,,,,,,,,,,,,1.57,0.23,0.77,,,,,,,,,,,,,,,,,
309,0,,,,,,3-methyl-1-octyl-1H-imidazol-3-ium bis[(trifluoromethyl)sulfonyl]azanide,,,,,,,,,,,,,0.97,0.28,0.97,,,,,,,,,,,,,,,,,
311,0,,,,,,3-phenylpropanol,,,,,,,,,,,,,0.53,0.55,0.95,,,,,,,,,,,,,,,,,
314,0,,,,,,4-methylphenol,,,,,,,,,,,,,1.64,0.34,0.68,,,,,,,,,,,,,,,,,
315,0,,,,,,4-methylpyridine,,,,,,,,,,,,,0.0,0.67,0.84,,,,,,,,,,,,,,,,,
318,0,,,,,,bis(2-methoxyethyl) ether,,,,,,,,,,,,,0.0,0.4,0.64,,,,,,,,,,,,,,,,,
321,0,,,,,,chloroacetonitrile,,,,,,,,,,,,,0.0,0.34,1.01,,,,,,,,,,,,,,,,,
322,0,,,,,,cis-decalin,,,,,,,,,,,,,0.0,0.08,0.11,,,,,,,,,,,,,,,,,
323,0,,,,,,cyclopentanone,,,,,,,,,,,,,0.0,0.52,0.76,,,,,,,,,,,,,,,,,
324,0,,,,,,decane,,,,,,,,,,,,,0.0,0.0,0.03,,,,,,,,,,,,,,,,,
326,0,,,,,,di-n-butyl sulfide,,,,,,,,,,,,,0.0,0.38,0.36,,,,,,,,,,,,,,,,,
328,0,,,,,,dibromomethane,,,,,,,,,,,,,0.0,0.0,0.92,,,,,,,,,,,,,,,,,
330,0,,,,,,diisopropyl sulfide,,,,,,,,,,,,,0.0,0.38,0.36,,,,,,,,,,,,,,,,,
331,0,,,,,,dimethyl sulfide,,,,,,,,,,,,,0.0,0.34,0.57,,,,,,,,,,,,,,,,,
332,0,,,,,,dimethylcyanamide,,,,,,,,,,,,,0.0,0.64,0.72,,,,,,,,,,,,,,,,,
333,0,,,,,,diphenyl ether,,,,,,,,,,,,,0.0,0.13,0.66,,,,,,,,,,,,,,,,,
334,0,,,,,,dipropyl ether,,,,,,,,,,,,,0.0,0.46,0.27,,,,,,,,,,,,,,,,,
335,0,,,,,,dodecane,,,,,,,,,,,,,0.0,0.0,0.05,,,,,,,,,,,,,,,,,
336,0,,,,,,ethanediol,,,,,,,,,,,,,0.9,0.52,0.92,,,,,,,,,,,,,,,,,
337,0,,,,,,ethoxybenzene,,,,,,,,,,,,,0.0,0.3,0.69,,,,,,,,,,,,,,,,,
338,0,,,,,,ethyl benzoate,,,,,,,,,,,,,0.0,0.41,0.74,,,,,,,,,,,,,,,,,
339,0,,,,,,ethyl chloroacetate,,,,,,,,,,,,,0.0,0.35,0.7,,,,,,,,,,,,,,,,,
340,0,,,,,,ethyl trichloroacetate,,,,,,,,,,,,,0.0,0.25,0.61,,,,,,,,,,,,,,,,,
341,0,,,,,,fluorobenzene,,,,,,,,,,,,,0.0,0.07,0.62,,,,,,,,,,,,,,,,,
342,0,,,,,,heptanoic acid,,,,,,,,,,,,,1.2,0.45,0.5,,,,,,,,,,,,,,,,,
343,0,,,,,,hexafluorobenzene,,,,,,,,,,,,,0.0,0.02,0.33,,,,,,,,,,,,,,,,,
344,0,,,,,,hexanoic acid,,,,,,,,,,,,,1.22,0.45,0.52,,,,,,,,,,,,,,,,,
345,0,,,,,,hexanol,,,,,,,,,,,,,0.8,0.84,0.4,,,,,,,,,,,,,,,,,
346,0,,,,,,iodobenzene,,,,,,,,,,,,,0.0,0.06,0.81,,,,,,,,,,,,,,,,,
348,0,,,,,,methyl formate,,,,,,,,,,,,,0.0,0.37,0.62,,,,,,,,,,,,,,,,,
350,0,,,,,,"N,N-diethylacetamide",,,,,,,,,,,,,0.0,0.78,0.84,,,,,,,,,,,,,,,,,
351,0,,,,,,"N,N-dimethylaniline",,,,,,,,,,,,,0.0,0.43,0.73,,,,,,,,,,,,,,,,,
352,0,,,,,,"N,N-dimethylbenzylamine",,,,,,,,,,,,,0.0,0.64,0.45,,,,,,,,,,,,,,,,,
353,0,,,,,,"N,N-dimethylcyclohexylamine",,,,,,,,,,,,,0.0,0.84,0.23,,,,,,,,,,,,,,,,,
355,0,,,,,,N-methylacetamide,,,,,,,,,,,,,0.47,0.8,1.01,,,,,,,,,,,,,,,,,
356,0,,,,,,N-methylaniline,,,,,,,,,,,,,0.17,0.47,0.82,,,,,,,,,,,,,,,,,
357,0,,,,,,N-methylformamide,,,,,,,,,,,,,0.62,0.8,0.9,,,,,,,,,,,,,,,,,
359,0,,,,,,octadecafluoronaphthalene,,,,,,,,,,,,,0.0,-0.05,-0.32,,,,,,,,,,,,,,,,,
360,0,,,,,,octane,,,,,,,,,,,,,0.0,0.0,0.01,,,,,,,,,,,,,,,,,
362,0,,,,,,oxane,,,,,,,,,,,,,0.0,0.54,0.51,,,,,,,,,,,,,,,,,
364,0,,,,,,pentafluoropyridine,,,,,,,,,,,,,0.0,0.16,0.53,,,,,,,,,,,,,,,,,
365,0,,,,,,pentanoic acid,,,,,,,,,,,,,1.19,0.45,0.54,,,,,,,,,,,,,,,,,
368,0,,,,,,piperidine,,,,,,,,,,,,,0.0,1.04,0.3,,,,,,,,,,,,,,,,,
370,0,,,,,,propanoic acid,,,,,,,,,,,,,1.12,0.45,0.58,,,,,,,,,,,,,,,,,
372,0,,,,,,pyrrolidine,,,,,,,,,,,,,0.16,0.7,0.39,,,,,,,,,,,,,,,,,
375,0,,,,,,tetradecafluorohexane,,,,,,,,,,,,,0.0,-0.08,-0.41,,,,,,,,,,,,,,,,,
376,0,,,,,,tetramethylsilane,,,,,,,,,,,,,0.0,0.02,-0.09,,,,,,,,,,,,,,,,,
377,0,,,,,,thiane,,,,,,,,,,,,,0.0,0.36,0.61,,,,,,,,,,,,,,,,,
378,0,,,,,,thiolane,,,,,,,,,,,,,0.0,0.44,0.62,,,,,,,,,,,,,,,,,
379,0,,,,,,thiolane-1-oxide,,,,,,,,,,,,,0.0,0.81,1.06,,,,,,,,,,,,,,,,,
380,0,,,,,,"trans-1,2-dichloroethene",,,,,,,,,,,,,0.0,0.0,0.44,,,,,,,,,,,,,,,,,
382,0,,,,,,tributylamine,,,,,,,,,,,,,0.0,0.62,0.16,,,,,,,,,,,,,,,,,
