,Solvent,CHEM21,CHEM21 Numerical,Molecular Weight,Boiling Point,Melting Point,Density,Viscosity,Vapor Pressure,Refractive Index,LogP,Dipole Moment,Dielectric Constant,Alpha,Beta,Pi,Dispersion,Polarity,H Bonding,Molar Volume,Functional Group,Grignard,Amide Coupling 1,Amide Coupling 2,Heck,Baylis-Hillman,Suzuki-Miyaura Pd,Suzuki-Miyaura Ni,Buchwald-Hartwig,Alkene Metathesis,SNAr,cost,Alternative Name,Cas Number
0,"1,2-Dichloroethane",Highly Hazardous,0,98.96,83.4,-35.6,1.2454,0.78,78.89,1.4422,1.48,1.27,10.74,0,0.1,0.81,19,7.4,4.1,79.46009314,No Group,,,,,,,,,97,,28 Ã‚Â£/L,Dichloroethane,107-06-2
1,"1,2-Dimethoxyethane",Hazardous,1,90.12,85,-58,0.863,0.4859,48,1.3813,-0.21,1.71,7.2,0,0.41,0.53,15.4,6.3,6,104.4264195,No Group,52.3,,,,,,,86,,,54 Ã‚Â£/L,Dimethoxyethane,173201-80-4
2,2-Methoxyethanol,Hazardous,1,76.1,124.1,-85.1,0.9647,1.544,9.5,1.4024,-0.77,2.04,16.93,0.264705882,0.419019608,0.624716981,16.2,9.2,16.4,78.87944439,No Group,,,,,,,,,,,40 Ã‚Â£/L,Methoxyethanol,109-86-4
3,Acetic acid,Problematic,2,60.05,117.9,16.6,1.0446,1.056,15.7,1.372,-0.17,1.70,6.2,1.12,0.45,0.64,14.5,8,13.5,57.48841662,No Group,,,,,,,,,,,36 Ã‚Â£/L,Acetic acid,157090-22-7
4,Acetic anhydride,Problematic,2,102.09,139.5,-73.4,1.082,0.843,5.11,1.3901,-0.27,2.80,20.7,0,0.29,0.76,16,11.7,10.2,94.35268022,No Group,,,,,,,,,,,40 Ã‚Â£/L,Acetic anhydride,108-24-7
5,Acetone,Recommended,3,58.08,56.08,-94.9,0.7845,0.32,231,1.3588,-0.24,2.88,20.7,0.08,0.43,0.71,15.5,10.4,7,74.03416189,No Group,,,,,,,96,,,,28 Ã‚Â£/L,Ace-ne,67-64-1
6,Ace-nitrile,Problematic,2,41.05,81.6,-44,0.79,0.35,88.8,1.33934,-0.34,3.94,37.5,0.19,0.4,0.75,15.3,18,6.1,51.96506329,No Group,,,80,58,50,,99,,,,73 Ã‚Â£/L,Ace-nitrile,54841-72-4
7,Anisole,Recommended,3,108.14,153.7,-37.3,0.9956,0.778,3.54,1.51791,2.11,1.36,4.3,0,0.32,0.73,17.8,4.1,6.7,108.6179188,No Group,,,,,,97,,16,,,32 Ã‚Â£/L,,100-66-3
8,Benzene,Highly Hazardous,0,78.11,80.08,5.558,0.8756,0.604,94.8,1.5011,2.13,0.00,2.275,0,0.1,0.59,18.4,0,2,89.21128369,Arene,,,,,,,,,,,48 Ã‚Â£/L,Benzene,27271-55-2
9,Benzotrifluoride,No Ranking,,146.11,103.46,-29.05,1.1886,0.5524,38.83,1.41486,3.01,2.86,9.18,0.264705882,0.419019608,0.624716981,17.5,8.8,0,122.9261316,No Group,,,,,,,,,,,71 Ã‚Â£/L,,98-08-8
10,Benzyl alcohol,Problematic,2,108.14,205.3,-15.2,1.0419,5.474,0.094,1.5396,1.1,1.71,13,0.6,0.52,0.98,18.4,6.3,13.7,103.7907669,No Group,,,,,,,,,,,25 Ã‚Â£/L,Benzyl alcohol,1336-27-2
11,Carbon tetrachloride,Highly Hazardous,0,153.82,76.7,-22.2,1.594,0.91,115,1.4601,2.83,0.00,2.2,0,0.1,0.28,17.8,0,0.6,96.50125471,No Group,,,,,,,,,,,10000 Ã‚Â£/L,Carbontetrachloride,56-23-5
12,Chloroform,Highly Hazardous,0,119.38,61.12,-63.47,1.484,0.54,197,1.4459,1.97,1.01,4.8,0.2,0.1,0.58,17.8,3.1,5.7,80.44332884,No Group,,,,,,,,,,,30 Ã‚Â£/L,Chloroform,67-66-3
13,Cyclohexane,Problematic,2,84.16,80.7,6.47,0.7781,0.89,97.5,1.42662,3.44,0.61,2,0,0,0,16.8,0,0.2,108.1619329,Alkane,,,,,,,,,,,21.5 Ã‚Â£/L,Cyclohexane,25012-93-5
14,Cyclohexanone,Problematic,2,98.14,155.4,-31,0.9421,2.02,5,1.4507,0.81,3.08,16.02,0,0.53,0.76,17.8,6.3,5.1,104.1762021,No Group,,,,,,,,,,,29 Ã‚Â£/L,Cyclohexanone,11119-77-0
15,Cyclopentyl methyl ether,No Ranking,,100.16,105.45,-140,0.86,0.549,34.6,1.4235,1.59,1.27,4.76,0,0.53,0.42,16.7,4.3,4.3,116.4653488,No Group,61,100,,14.5,50,98,,63,73,,87 Ã‚Â£/L,,5614-37-9
16,Cyrene,No Ranking,,128.13,227,-20,1.25,11.62,0.11,1.4712,-0.71,4.40,3.4,0,0.61,0.93,18.8,10.6,6.9,102.504,No Group,,,,58,100,,,,,51,122 Ã‚Â£/L,,53716-82-8
17,Dichloromethane,Hazardous,1,84.93,39.75,-95,1.3255,0.41,435,1.4244,1.25,1.60,9.1,0.13,0.1,0.82,18.2,6.3,6.1,64.07604677,No Group,,100,91,,,,,,97,,19 Ã‚Â£/L,Dichloromethane,1605-72-7
18,Diethyl ether,Highly Hazardous,0,74.12,34.6,-116.3,0.7134,0.22,538,1.35555,0.89,1.15,4.3,0,0.47,0.27,14.5,2.9,5.1,103.9001962,No Group,81,,,,,,,,,,20 Ã‚Â£/L,Diethyl ether,60-29-7
19,Dimethyl carbonate,No Ranking,,90.08,90.5,0.5,1.0636,0.664,55.364,1.3687,0.15,0.93,3.17,0,0.32,0.44,15.5,3.9,9.7,84.69217751,No Group,,100,,,,98,,,93,,41 Ã‚Â£/L,,616-38-6
20,Dimethyl sulfoxide,Problematic,2,78.13,189,18.45,1.1,1.99,0.6,1.4783,-1.35,3.96,46.68,0,0.76,1,18.4,16.4,10.2,71.02618182,No Group,,,87,63.5,60,,0,,,,160 Ã‚Â£/L,Dimethylsulfoxide,164071-41-4
21,Dioxane,Hazardous,1,88.11,101.2,11.75,1.0337,1.18,38.1,1.4224,-0.27,0.00,2.2,0,0.37,0.55,19,1.8,7.4,85.23749637,No Group,,,,,,,,,,,56 Ã‚Â£/L,Dioxane,28347-88-8
22,Ethanol,Recommended,3,46.07,78.24,-114.1,0.7893,1.07,59.3,1.3611,-0.31,1.69,24.55,0.86,0.75,0.54,15.8,8.8,19.4,58.366654,Alcohol,,,,,,,,,,,40 Ã‚Â£/L,Ethanol,121182-78-3
23,Ethyl acetate,Recommended,3,88.11,77.1,-83.8,0.9003,0.42,93.2,1.3723,0.73,1.78,6,0,0.45,0.55,15.8,5.3,7.2,97.86293458,No Group,,100,89,,,95,100,72,97,,28 Ã‚Â£/L,Ethyl acetate,141-78-6
24,Ethyl lactate,No Ranking,,118.13,154,-26,1.0328,2.398,3.75,1.4124,-0.19,2.55,13.1,0.69,0.52,0.82,16,7.6,12.5,114.3783888,No Group,,,,,,,,,,,55 Ã‚Â£/L,,97-64-3
25,Ethylene carbonate,No Ranking,,88.06,248,36.4,1.3214,1.93,979,1.4148,-0.9,4.51,89.78,0,0.32,0.99,19.4,21.7,5.1,66.64355986,No Group,,,,,,,,,,,38 Ã‚Â£/L,,96-49-1
26,Ethylene glycol,Recommended,3,62.07,197.3,-12.69,1.1135,16.1,0.092,1.4318,-1.36,2.31,37.7,0.9,0.52,0.92,17,11,26,55.7415357,No Group,,,,,,,,,,,23 Ã‚Â£/L,Ethylene Glycol,37221-95-7
27,Gamma-valerolac-ne,No Ranking,,100.12,205,-31,1.05,1.86,0.33,1.4313,-0.27,4.71,36.14,0,0.58,0.88,15.5,4.7,6.6,95.35238095,No Group,,,,78.5,73,63,,25,,86,98 Ã‚Â£/L,,108-29-2
28,Heptane,Problematic,2,100.2,98.38,-90.549,0.6795,0.395,46.03,1.3855,4.66,0.00,1.92,0,0,-0.08,15.3,0,0,147.4663723,Alkane,,,,,,,,,,,47 Ã‚Â£/L,Heptane,142-82-5
29,Hexafluoroisopropanol,No Ranking,,168.05,58.9,-3.9,1.596,1.58,158,1.275,1.91,2.05,16.7,1.96,0,0.65,17.2,4.5,14.7,105.2944862,No Group,,,,,,,,,,,1000 Ã‚Â£/L,,920-66-1
30,Hexamethylphosphoramide,Highly Hazardous,0,179.2,233,6.1,1.03,3.24,0.03,1.4572,0.28,4.19,29,0,1.05,0.87,18.5,8.6,11.3,173.9805825,No Group,,,,,,,,,,,452 Ã‚Â£/L,HMPA,630-31-9
31,Hexane,Hazardous,1,86.18,68.7,-95.35,0.6606,0.295,153,1.3727,3.9,0.00,1.88,0,0,-0.04,14.9,0,0,130.4520133,Alkane,,,,,,,,,,,70 Ã‚Â£/L,hexane,92112-69-1
32,i-Amyl alcohol,No Ranking,,88.15,132.5,-117.2,0.813,3.738,2.37,1.4075,1.16,1.70,15.2,0.84,0.86,0.4,15.8,5.2,13.3,108.4246002,No Group,,,,,,,,,,,62 Ã‚Â£/L,,123-51-3
33,i-Butanol,No Ranking,,74.12,108,-108,0.8018,3.332,10.4,1.3955,0.76,1.64,17.7,0.79,0.84,0.4,15.1,5.7,15.9,92.44499875,Alcohol,,,,,,,,,,,60 Ã‚Â£/L,,68989-27-5
34,Isopropyl alcohol,Recommended,3,60.1,82.3,-88.5,0.78509,2.04,45.4,1.377,0.05,1.59,19.4,0.76,0.95,0.48,15.8,6.1,16.4,76.54612847,Alcohol,,100,,,,,,,31,,47 Ã‚Â£/L,,8013-70-5
35,Isopropylacetate,Recommended,3,102.13,88.6,-73.4,0.8718,0.49,60.37,1.3773,1.02,1.75,6.3,0,0.4,0.53,14.9,4.5,8.2,117.1516403,No Group,,,,,,96,100,77,,,27 Ã‚Â£/L,isopropylacetate,108-21-4
36,Methanol,Recommended,3,32.04,64.7,-97.8,0.7866,0.54,127,1.3292,-0.77,1.70,32.7,0.98,0.66,0.6,15.1,12.3,22.3,40.73480803,Alcohol,,,,,,,,,28,,31 Ã‚Â£/L,Methanol,54841-71-3
37,Methyl cyclohexane,Problematic,2,98.19,100.9,-126.6,0.7694,0.687,46,1.4231,3.61,0.00,2.02,0.264705882,0.419019608,-0.01,16,0,1,127.6158045,Alkane,,,,,,,,,,,30 Ã‚Â£/L,Methylcyclohexane,108-87-2
38,Methyl ethyl ke-ne,Recommended,3,72.11,79.59,-86.67,0.7997,0.41,90.6,1.3788,0.29,2.76,18.4,0.06,0.48,0.67,16,9,5.1,90.16706265,No Group,,,,,,,,,,,24 Ã‚Â£/L,MEK,78-93-3
39,Methyl isobutyl ke-ne,Recommended,3,100.16,115.7,-85,0.7965,0.55,19.9,1.3962,1.31,2.70,13.11,0.02,0.48,0.65,15.3,6.1,4.1,125.750408,No Group,,,,,,,,,,,30 Ã‚Â£/L,Methyl isobutyl ke-ne,108-10-1
40,Methyl tert-butyl ether,Hazardous,1,88.15,55.1,-108.6,0.7353,0.319,250,1.3664,0.94,1.36,2.6,0.264705882,0.419019608,0.624716981,14.8,4.3,5,119.8819529,No Group,,100,,,,98,100,92,,,45 Ã‚Â£/L,t-Butyl methyl ether,1634-04-4
41,Methyl tetrahydrofuran,Problematic,2,86.13,81,-136,0.85,0.4753,81.8,1.406,0.82,1.38,6.97,0,0.58,0.53,16.9,5,4.3,101.3334118,No Group,81,100,,,,96,100,98,38,,54 Ã‚Â£/L,Methyl tetrahydrofuran,25265-68-3
42,Dimethylethylene urea,No Ranking,,114.15,225,8,1.058,1.9256,0.1,1.472,-0.03,2.64,37.6,0.264705882,0.419019608,0.624716981,17.8,9.5,9.3,107.8922495,No Group,,,,,,,,,,,318 Ã‚Â£/L,,80-73-9
43,Dimethylformamide,Hazardous,1,73.09,152.8,-60.3,0.9445,0.79,3.87,1.42083,-1.01,3.82,36.71,0,0.69,0.88,17.4,13.7,11.3,77.38951826,No Group,,100,,69,88,,,,,,32 Ã‚Â£/L,Dimethylformamide,68-12-2
44,Dimethylpropylene urea,Problematic,2,128.18,246.5,-23,1.06,2.917,0,1.472,-0.03,4.17,36.12,0.264705882,0.419019608,1.08,18,10.5,9.7,120.9245283,No Group,,,,,,,,,,,350 Ã‚Â£/L,,7226-23-5
45,Nitrobenzene,No Ranking,,123.11,210.8,5.7,1.2037,1.863,0.245,1.5562,1.85,4.23,36.09,0,0.3,1.01,20,8.6,4.1,102.2763147,No Group,,,,,,,,,,,52 Ã‚Â£/L,,98-95-3
46,Nitromethane,Highly Hazardous,0,64.06,101.1,-28.7,1.1371,0.63,35.8,1.3817,-0.35,3.46,39.4,0.22,0.06,0.85,15.8,18.8,5.1,56.33541465,No Group,,,,,,,,,,,96 Ã‚Â£/L,Nitromethane,19527-13-0
47,N-methylpyrrolidinone,Hazardous,1,85.15,202,-25,1.027,1.65,0.345,1.469,-0.38,4.09,32.2,0,0.77,0.92,18,12.3,7.2,82.91139241,No Group,,,,69,100,,,,,,37 Ã‚Â£/L,N-methylpyrolidine,26138-58-9
48,Pentane,Hazardous,1,72.15,36.06,-129.67,0.6262,0.216,514.04,1.3575,3.39,0.00,1.8,0,0,-0.08,15.6,0,0,115.2184606,Alkane,,,,,,,,,,,71 Ã‚Â£/L,Pentane,109-66-0
49,Propylene carbonate,No Ranking,,102.09,241.6,-48.8,1.2047,2.5,0.045,1.4189,-0.41,4.77,62.93,0,0.38,0.9,20,18,4.1,84.74308957,No Group,,,,70,80,37,,22,,36,43 Ã‚Â£/L,,108-32-7
50,p-Xylene,Problematic,2,106.17,138.3,13.3,0.86104,0.6,8.84,1.49575,3.15,0.00,2.27,0,0.12,0.43,17.6,1,3.1,123.3008919,Arene,,,,,,,,,,,49 Ã‚Â£/L,,106-42-3
51,Pyridine,Hazardous,1,79.1,115.25,-41.6,0.98272,0.88,20.8,1.5092,0.65,2.19,12.5,0,0.64,0.87,19,8.8,5.9,80.49088245,No Group,,,,,,,,,,,130 Ã‚Â£/L,Pyridine,152758-95-7
52,t-Butanol,Recommended,3,74.12,82.3,25.7,0.7886,4.3839,40.7,1.3878,0.35,1.31,10.9,0.42,0.93,0.41,15.2,5.1,14.7,93.99239158,Alcohol,,,,,,,,,,,34 Ã‚Â£/L,t-Butanol,75-65-0
53,Tetrahydrofuran,Problematic,2,72.11,65,-108.44,0.89,0.46,162,1.407,0.47,1.70,7.58,0,0.55,0.58,16.8,5.7,8,81.01865169,No Group,54,,84,,,94,,,,,27 Ã‚Â£/L,Tetrahydrofuran,77392-70-2
54,#NAME?,Problematic,2,92.14,110.6,-94.9,0.8623,0.56,28.4,1.4967,2.73,0.36,2.33,0,0.11,0.54,18,1.4,2,106.8539951,Arene,,,,12.5,,,100,,,,30 Ã‚Â£/L,#NAME?,04/08/3101
55,Trifluoroethanol,No Ranking,,100.04,74.5,-44,1.391,1.768,71.3,1.29,0.31,2.52,8.55,1.51,0,0.73,15.4,8.3,16.4,71.91948239,No Group,,,,,,,,,,,358 Ã‚Â£/L,,28606-06-6
56,Water,Recommended,3,18.02,100,0,0.995,0.89,23.8,1.333,-1.38,1.86,80.1,1.17,0.47,1.09,15.5,16,42.3,18.10572864,No Group,,,,,,,,,,,1 Ã‚Â£/L,Water,14314-42-2
57,"1,1,1-trichloroethane",,,131.93,74,-30,1.34,0.86,124,1.4711,2.49,1.78,,0,0,0.49,17,4.3,2,100.4,,,,,,,,,,,,,,71-55-6
59,"1,1-dichloroethane",,,97.97,57,-98,1.18,0.464,227,1.4167,1.8,2.06,10.7,0.1,0.1,0.48,16.6,8.2,0.4,84.8,,,,,,,,,,,,,,75-34-3
60,"1,1-dichloroethylene",,,95.95,32,-122,1.21,0.3302,600,1.4249,2.41,,,,,,17,6.8,4.5,79,,,,,,,,,,,,,,9002-85-1
61,"1,2,3,4-tetrahydronaphthalene",,,132.09,207.6,-35.8,0.9702,2.012,0.368,1.53919,3.78,,,,,,19.6,2,2.9,136,,,,,,,,,,,,,,119-64-2
63,"1,2-dichlorobenzene",,,145.97,181.5,-17,1.3,1.324,1.36,,3.38,,,0,0.03,0.8,19.2,6.3,3.3,112.8,,,,,,,,,,,,,,95-50-1
65,"1,3-dioxolane",,,74.04,78,-95,1.06,,,1.3974,-0.37,,,0,0.45,0.69,18.1,6.6,9.3,69.9,,,,,,,,,,,,,,646-06-0
66,"1,4-diethylbenzene",,,134.11,183.7,-42.83,0.862,3.6,,1.4967,4.45,0.00,,,,,18,0,0.6,156.9,,,,,,,,,,,,,,105-05-5
67,1-butanol,#9ACD32,,74,117.6,-89,0.81,2.544,6.698,13.988,0.785,1.66,,,,,16,5.7,15.8,91.5,,,,,,,,,,,,,,71-36-3
68,1-chlorobutane,,,92.04,78,-123,0.89,0.45,,1.40223,2.82,,9.6,0,0,0.39,16.4,5.5,2,104.9,,,,,,,,,,,,,,109-69-3
69,1-chloropropane,,,78.02,46.6,-122.8,0.8899,,344.4,1.3879,2.04,2.05,,,,,16,7.8,2,88.1,,,,,,,,,,,,,,540-54-5
70,1-decanol,,,158.17,230,7,0.8285,10.9,851,1.437,4.23,,,,,,17.6,2.7,10,191.8,,,,,,,,,,,,,,85566-12-7
71,1-methoxy-2-propanol,,,90.07,120,-96,0.96,1.81,12.5,1.4034,,,,,,,15.6,6.3,11.6,98.2,,,,,,,,,,,,,,107-98-2
72,1-methylnaphthalene,,,142.08,245,-22,1.0202,,0.067,1.615,3.87,0.50,,,,,20.6,0.8,4.7,138.8,,,,,,,,,,,,,,90-12-0
73,1-octanol,,,130.14,194.5,-15.5,0.825,,,1.4295,3,,,,,,17,3.3,11.9,157.7,,,,,,,,,,,,,,220713-26-8
74,1-phenoxy-2-propanol,,,152.08,241.2,11.4,1.0622,22.7,218,1.5232,1.5,,,,,,17.4,5.3,11.5,143.2,,,,,,,,,,,,,,770-35-4
75,1-propanol,,,60.06,97,-127,0.81,2.256,,1.3855,0.25,1.68,,,,,16,6.8,17.4,75.2,,,,,,,,,,,,,,71-23-8
76,1-tridecanol,,,200.21,274,31,0.8,,0.000436,,8.52,,,,,,14.3,3.1,9,242,,,,,,,,,,,,,,112-70-9
77,"2,2-bu-xyethoxyethylacetate",,,204.14,246,-32,0.985,,,1.4262,2.9,,,,,,16,4.1,8.2,208.2,,,,,,,,,,,,,,124-17-4
78,"2,6-dimethyl-4-heptanone",,,142.14,168,-42,0.81,,1.65,1.413,2.56,,,,,,16,3.7,4.1,177.1,,,,,,,,,,,,,,108-83-8
80,2-bu-xyethylacetate,,,160.11,192,-64,0.94,,,1.42,1.51,,,,,,15.3,7.5,6.8,171.2,,,,,,,,,,,,,,112-07-2
81,2-chloroethylether,,,142,178,-50,1.22,2.0653,,1.451,1.29,,,,,,18.8,9,5.7,117.6,,,,,,,,,,,,,,111-44-4
82,2-ethoxyethanol,,,90.07,135,-70,0.93,,5.31,1.406,-0.54,,,,,,16.2,9.2,14.3,97.8,,,,,,,,,,,,,,110-80-5
83,2-ethoxyethylacetate,,,132.08,156,-62,0.98,1.32,2,1.4054,0.24,2.25,,,,,16,4.7,10.6,136.2,,,,,,,,,,,,,,111-15-9
84,2-furaldehyde,,,96.02,162,-36.5,1.16,,,1.525,0.46,,41.9,,,,18.6,14.9,5.1,83.2,,,,,,,,,,,,,,98-01-1
85,2-nitropropane,,,89.05,120,-91,0.99,0.721,17.2,1.3944,0.93,3.73,,,,,16.2,12.1,4.1,86.9,,,,,,,,,,,,,,79-46-9
86,2-octanol,,,130.14,178.5,-38.6,0.8185,,0.242,1.4265,2.72,1.60,,,,,16.2,4.9,11,159.1,,,,,,,,,,,,,,123-96-6
87,2-pentanone,,,86.07,102,-78,0.81,,35.4,1.3895,0.91,2.72,,0,0.52,0.65,16,7.6,4.7,107.3,,,,,,,,,,,,,,107-87-9
90,3-hexanol,,,102.1,134,,0.82,,,1.416,1.65,,,,,,15.8,4.3,13.5,123.2,,,,,,,,,,,,,,623-37-0
91,3-hydroxypropionitrile,,,71.04,221,-46,1.04,,,1.4248,-0.94,,,,,,17.2,18.8,17.6,68.3,,,,,,,,,,,,,,109-78-4
92,3-pentanone,#9ACD32,,86,101.9,-39,0.8,0.45,37.653,1.392,0.85,2.70,17.3,0,0.45,0.72,15.8,7.6,4.7,106.4,,,,,,,,,,,,,,96-22-0
93,4-hydroxy-4-methyl-2-pentanone,,,116.08,170,-47,0.94,,,1.4232,-0.445,3.24,,,,,15.8,8.2,10.8,124.2,,,,,,,,,,,,,,123-42-2
95,4-methyl-2-pentanol,,,102.1,132,-90,0.81,,,1.41,1.43,,,,,,15.3,3.3,12.3,127.2,,,,,,,,,,,,,,108-11-2
97,5-methyl-2-hexanone,,,114.1,144,-74,0.81,0.77,5.77,1.4062,1.72,,,,,,16,5.7,4.1,142.8,,,,,,,,,,,,,,110-12-3
98,acetaldehyde,,,44.03,20.2,-123,0.79,,902,1.37,0.63,2.69,,,,,14.7,8,11.3,57.1,,,,,,,,,,,,,,75-07-0
99,ace-phenone,,,120.06,202,20,1.028,,0.397,1.5325,1.58,,,0.04,0.49,0.9,19.6,8.6,3.7,117.4,,,,,,,,,,,,,,98-86-2
100,acetylchloride,,,77.99,51,-112,1.11,,287,1.3898,-0.47,,,,,,15.8,10.6,3.9,71,,,,,,,,,,,,,,75-36-5
101,acrylonitrile,,,53.03,77,-84,0.81,,109,1.3911,0.25,,38,,,,16.4,17.4,6.8,67.1,,,,,,,,,,,,,,63908-52-1
102,allylalcohol,,,58.04,97,-129,0.85,,25.4,1.41345,0.17,,22,,,,16.2,10.8,16.8,68.4,,,,,,,,,,,,,,107-18-6
103,amylalcohol,,,88.09,138,-79,0.813,,2.2,1.4095,1.51,1.70,13.9,,,,16,4.5,13.9,109,,,,,,,,,,,,,,71-41-0
104,benzaldehyde,,,106.04,179,-26,1.044,,1.27,1.5455,1.48,,18,,,,19.4,7.4,5.3,101.5,,,,,,,,,,,,,,100-52-7
105,benzoicacid,,,122.04,249,122,1,1.26,0.0007,1.504,1.87,1.00,,,,,18.2,7,9.8,100,,,,,,,,,,,,,,65-85-0
106,benzonitrile,,,103.04,190.7,-12.8,1,,0.768,1.5289,1.56,,26,0,0.37,0.9,17.4,9,3.3,102.6,,,,,,,,,,,,,,100-47-0
107,benzylbenzoate,,,212.08,324,21,1.117,8.292,224,1.56325,3.97,,4.8,,,,20,5.1,5.2,190.3,,,,,,,,,,,,,,120-51-4
108,benzylbutylphthalate,,,312.14,370,-35,1.1,,0.00000825,1.5375,4.77,,,,,,19,11.3,3.1,306,,,,,,,,,,,,,,85-68-7
109,benzylether,,,198.1,2978,3.6,1.0425,,,1.5605,3.31,,,,,,17.4,3.7,7.4,192.7,,,,,,,,,,,,,,103-50-4
111,bis-2-chloroisopropylether,,,170.03,187,5,1.1,,,1.4505,2.36,,,,,,19,8.2,5.1,146,,,,,,,,,,,,,,108-60-1
112,bromobenzene,,,155.96,156.2,-30.7,1.5,,,1.5597,2.99,,5.4,0,0.06,0.79,20.5,5.5,4.1,105.3,,,,,,,,,,,,,,108-86-1
113,bromochloromethane,,,127.9,68,-88,1.93,,142,1.4808,1.41,,7.7,,,,17.4,5.7,3.5,65,,,,,,,,,,,,,,74-97-5
114,bromoethane,,,107.96,38.4,-119,1.46,0.379,467,1.4242,1.61,2.03,4.9,,,,16.6,8,5.1,76.9,,,,,,,,,,,,,,74-96-4
115,bromoform,,,249.76,149.5,8.3,2.89,,5.4,1.5948,2.38,,4.5,,,,21.5,4.1,6.1,87.5,,,,,,,,,,,,,,75-25-2
116,bromotrifluoromethane,,,147.91,-58,-168,5.14,,,1.238,1.86,,,,,,9.6,2.5,0,97,,,,,,,,,,,,,,75-63-8
117,bu-xypropanol,,,132.12,171,,0.879,,,,1.15,,,,,,15.3,4.5,9.2,132,,,,,,,,,,,,,,5131-66-8
118,butylacetate,,,116.08,126,-78,0.88,,11.5,1.3945,1.82,1.84,5.1,0,0.45,0.46,15.8,3.7,6.3,132.5,,,,,,,,,,,,,,123-86-4
119,butylamine,,,73.09,78,-50,0.74,,92.9,1.401,0.86,1.39,,0,0.72,0.31,16.2,4.5,8,99,,,,,,,,,,,,,,109-73-9
120,butylbenzoate,,,178.1,250,-22,1,,0.01,1.494,,,,,,,18.3,5.6,5.5,178.1,,,,,,,,,,,,,,136-60-7
122,butylpropionate,,,130.1,146,-90,0.87,,,1.401,,1.80,,,,,15.7,5.5,5.9,149.3,,,,,,,,,,,,,,590-01-2
123,butylstearate,,,340.33,343,27.5,0.86,,,1.4328,,,,,,,14.5,3.7,3.5,382,,,,,,,,,,,,,,68154-28-9
124,butyraldehyde,,,72.06,74.8,-99,0.799,0.45,111,1.382,0.88,2.72,13.4,,,,14.7,5.3,7,88.5,,,,,,,,,,,,,,123-72-8
125,butyricacid,,,88.05,164,-7.9,0.954,,1.65,1.398,0.79,1.23,3,,,,14.9,4.1,10.6,110,,,,,,,,,,,,,,107-92-6
126,butyronitrile,,,69.06,117,-112,0.81,0.6,,1.38385,0.55,,20.7,,,,15.3,12.5,5.1,87,,,,,,,,,,,,,,109-74-0
127,caprolac-ne,,,114.07,237,-1.5,1,,0.135,,0.68,,,,,,19.7,15,7.4,110.8,,,,,,,,,,,,,,502-44-3
128,carbondisulfide,#FF6347,,76,46.3,-110.8,1.266,0.36,300,1.624,1.84,,,0,0.07,0.61,20.5,0,0.6,60,,,,,,,,,,,,,,75-15-0
129,chlorobenzene,#FFD700,,112,131,-45,1.11,0.753,12,15.241,2.8,,5.62,0,0.07,0.71,19,4.3,2,102.1,,,,,,,,,,,,,,68411-45-0
130,chlorodifluoromethane,,,85.97,-41,-146,3.11,,"7,250",1.256,1.08,,6.11,,,,12.3,6.3,5.7,72.9,,,,,,,,,,,,,,75-45-6
131,cyanol,,,93.06,184,-6,1.02,1.62,0.667,1.5863,0.94,1.53,6.89,,,,19.4,5.1,10.2,91.5,,,,,,,,,,,,,,62-53-3
132,cyclohexanol,#9ACD32,,100,161,23,0.9684,57.5,1,1.465,13.114,1.86,15,0.66,0.84,0.45,17.4,4.1,13.5,106,,,,,,,,,,,,,,108-93-0
133,cyclohexylamine,,,99.1,134.5,-17.7,0.87,,,1.4565,1.4,,,,,,17.4,3.1,6.5,115.2,,,,,,,,,,,,,,157973-60-9
134,dibutylphthalate,,,278.15,340,-35,1.05,,0.0000201,1.49,4.72,,6.4,,,,17.8,8.6,4.1,266,,,,,,,,,,,,,,84-74-2
135,dibutylsebacate,,,314.25,344.5,-10,0.938,,,1.4415,,,,,,,13.9,4.5,4.1,339,,,,,,,,,,,,,,109-43-3
136,dichlorofluoromethane,,,101.94,8.9,-135,3.57,0.313,1360,1.3724,1.55,,5.34,,,,15.8,3.1,5.7,75.4,,,,,,,,,,,,,,75-43-4
137,diethylamine,,,73.09,55.5,-50,0.71,,237,1.3864,0.58,0.92,3.7,0.3,0.7,0.24,14.9,2.3,6.1,103.2,,,,,,,,,,,,,,109-89-7
138,diethylcarbonate,,,118.06,126,-43,0.98,,,1.3845,1.21,1.10,,0,0.4,0.45,16.6,3.1,6.1,121,,,,,,,,,,,,,,105-58-8
139,diethyleneglycolbutylether,,,162.13,230,-68,0.954,0.0649,0.0219,1.4258,0.3,,,,,,16,7,10.6,170.6,,,,,,,,,,,,,,112-34-5
140,diethyleneglycoldimethylether,,,134.09,162,-68,0.95,1.089,,1.4097,-0.36,,,,,,15.8,6.1,9.2,142,,,,,,,,,,,,,,111-96-6
141,diethyleneglycolmethylether,,,134.09,199,-76,0.99,3.85,,1.4273,-0.15,,,,,,16.2,7.8,12.7,118,,,,,,,,,,,,,,111-90-0
142,diethyleneglycolmonoethylether,,,134.09,199,-76,0.99,3.85,,1.4273,-0.15,,,,,,16.2,9.2,12.3,130.9,,,,,,,,,,,,,,111-90-0
143,diethylenetriamine,,,103.11,207,-39,0.96,,0.23,1.481,-1.3,,,,,,16.8,13.3,14.3,108,,,,,,,,,,,,,,111-40-0
144,diethylphthalate,,,222.09,295,-23,1.12,,0.0021,1.5002,2.47,,,,,,17.6,9.6,4.5,198,,,,,,,,,,,,,,68988-18-1
145,diethylsulfate,,,154.03,209.5,-25,1.2,,,1.40037,1.14,,,,,,15.8,14.7,7.2,131.5,,,,,,,,,,,,,,64-67-5
146,diethylsulfide,,,90.05,92,-102.05,0.8385,,60.2,1.445,1.95,,,0,0.37,0.46,17,3.1,2,108.2,,,,,,,,,,,,,,68990-36-3
147,diisopropylether,#FF6347,,102,68,-86.8,0.7192,0.38,149.262,1.368,1.52,1.13,3.9,0,0.49,0.27,15.1,3.2,3.2,141.8,,,,,,,,,,,,,,108-20-3
148,dimethylphthalate,,,194.06,284,5.5,1.19,17.2,0.00308,1.5168,1.795,2.80,,0,0.78,0.82,18.6,10.8,4.9,163,,,,,,,,,,,,,,131-11-3
149,dimethylsulfone,,,94.01,238,109,,,,,-1.41,,,,,,19,19.4,12.3,75,,,,,,,,,,,,,,67-71-0
150,dinoctylphthalate,,,390.28,220,25,0.98,,0.0000001,1.485,8.1,2.84,,,,,16.6,7,3.1,277,,,,,,,,,,,,,,117-84-0
151,dipropylamine,,,101.12,109.3,-63,0.738,,20.1,1.40455,1.67,1.07,2.9,,,,15.3,1.4,4.1,136.9,,,,,,,,,,,,,,142-84-7
152,dipropyleneglycol,,,134.09,,,1.005,,,1.45,,,,,,,16.5,10.6,17.7,131.8,,,,,,,,,,,,,,106-62-7
153,dipropyleneglycolbutylether,,,190.16,230,None; turns - glass at -43 ,0.91,,0.1,1.44,1.5,,,,,,15.7,6.5,10,211.2,,,,,,,,,,,,,,29911-28-2
154,dllimonene,,,136.13,178,-74,0.8405,,1.98,1.474,4.2,,,,,,17.2,1.8,4.3,162.9,,,,,,,,,,,,,,5989-27-5
156,epichlorohydrin,,,92,116,-48,1.18,,16.4,1.43585,0.26,1.80,,,,,19,10.2,3.7,79.9,,,,,,,,,,,,,,106-89-8
157,ethanethiol,,,62.02,35,-144.4,0.84,,529,1.428,1.5,,,,,,15.8,6.5,7.2,74.3,,,,,,,,,,,,,,75-08-1
159,ethylbenzene,,,106.08,136,-95,0.87,0.64,9.6,1.4959,3.1,,,,,,17.8,0.6,1.4,123.1,,,,,,,,,,,,,,70955-17-8
160,ethylchloroformate,,,108,95,-80.6,1.1,,,1.3947,,,,,,,15.5,10,6.8,95.6,,,,,,,,,,,,,,541-41-3
161,ethylcinnamate,,,176.08,,,1.0475,,,1.56,,,5.3,,,,18.4,8.2,4.1,166.8,,,,,,,,,,,,,,103-36-6
162,ethylenediamine,,,60.07,117,8.5,0.91,0.0154,,1.4565,-1.2,1.90,,,,,16.6,8.8,17,67.3,,,,,,,,,,,,,,107-15-3
163,ethyleneglycolbutylether,,,118.1,171,-75,0.9,,0.88,1.4198,0.83,2.08,,,,,16,5.1,12.3,131.6,,,,,,,,,,,,,,111-76-2
164,ethyleneglycolmonophenylether,,,138.07,237.5,14,1.1094,,7,1.534,1.16,,,,,,17.8,5.7,14.3,124.7,,,,,,,,,,,,,,122-99-6
165,ethylformate,,,74.04,53,-80,0.92,,245,1.361,0.23,,7.1,0,0.36,0.61,15.5,8.4,8.4,80.2,,,,,,,,,,,,,,109-94-4
166,formamide,,,45.02,207,2.5,1.13,,,1.44754,-1.51,, epsilon= 84; industrial grades may have odor of ammonia,0.71,0.48,0.97,17.2,26.2,19,39.8,,,,,,,,,,,,,,75-12-7
167,formicacid,#FFD700,,46,100.56,4,1.214,1.966,42.603,1.369,0.54,,,1.23,0.38,0.65,14.3,11.9,16.6,37.8,,,,,,,,,,,,,,15907-03-6
168,furan,,,68.03,31.3,-85.6,0.94,0.38,600,1.4214,1.34,,3,,,,17.8,1.8,5.3,72.5,,,,,,,,,,,,,,110-00-9
169,furfurylalcohol,,,98.04,170,-31,1.13,,,1.485,0.28,,,,,,17.4,7.6,15.1,86.5,,,,,,,,,,,,,,98-00-0
170,gammabutyrolac-ne,,,86.04,204,-44,1.125,,0.45,1.444,-0.64,3.82,,,,,18,16.6,7.4,76.5,,,,,,,,,,,,,,96-48-0
172,isobutylacetate,#9ACD32,,116,116.5,-98.8,0.88,0.69,17.776,1.4,1.72,1.87,5.6,,,,15.1,3.7,6.3,133.5,,,,,,,,,,,,,,110-19-0
173,isobutylisobutyrate,,,144.12,148.6,-81,0.855,,4.33,1.399,,,,,,,15.1,2.8,5.8,169.8,,,,,,,,,,,,,,97-85-8
174,isopentylacetate,,,130.1,142,-79,0.87,0.872,5.6,1.402,2.13,,,,,,15.3,3.1,7,148.8,,,,,,,,,,,,,,123-92-2
175,isophorone,,,138.1,215,-8,0.92,2.62,,1.4775,1.67,,,,,,16.6,8.2,7.4,150.5,,,,,,,,,,,,,,78-59-1
176,isopropylpalmitate,,,298.29,342,13.5,0.8404,,0.0000559,1.4364,,,,,,,14.3,3.9,3.7,330,,,,,,,,,,,,,,142-91-6
177,mcresol,,,108.06,202,12.2,1.03,2.093,0.11,1.54,1.96,1.59,,,,,18.5,6.5,13.7,105,,,,,,,,,,,,,,108-39-4
178,mesitylene,,,120.09,165,-45,0.86,,2.48,1.49541,3.42,,3.4,,,,18,0,0.6,139.8,,,,,,,,,,,,,,108-67-8
179,mesityloxide,,,98.07,130,-41.5,0.86,60,8.21,1.4445,1.7,,15.4,,,,16.4,7.2,6.1,115.6,,,,,,,,,,,,,,141-79-7
180,methylacetate,#FFD700,,74,57.4,-98,0.928,0.364,21.602,13.614,0.18,1.68,6.7,0,0.42,0.6,15.5,7.2,7.6,79.7,,,,,,,,,,,,,,79-20-9
182,methyloleate,,,296.27,217,-19.9,0.8739,2.62,,1.4522,7.45,,,,,,14.5,3.9,3.7,340,,,,,,,,,,,,,,139152-82-2
183,morpholine,,,87.07,129,-5,17,2.23,10.1,1.454,-0.86,,,0.29,0.7,0.39,18.8,4.9,9.2,87.1,,,,,,,,,,,,,,110-91-8
184,naphthalene,,,128.06,218,80,1.15,0.754,0.085,1.4003,3.35,,,,,,19.2,2,5.9,111.5,,,,,,,,,,,,,,72931-45-4
185,nitroethane,,,75.03,114,-90,1.05,,20.8,1.3917,0.2,3.65,28,,,,16,15.5,4.5,71.5,,,,,,,,,,,,,,79-24-3
186,nitropropane,,,89.05,132,-108,1,0.79,10.1,1.4018,0.87,,,,,,16.6,12.3,5.5,89.5,,,,,,,,,,,,,,25322-01-4
187,nmethylpyrrolidine,,,99.07,202,-24.4,1.03,1.65,0.345,1.469,-0.38,,32.3,,,,18,12.3,7.2,96.5,,,,,,,,,,,,,,872-50-4
188,"n,ndimethylhydrazine",,,60.07,64,-58,0.79,,167,1.40753,-1.19,,,,,,15.3,5.9,11,76,,,,,,,,,,,,,,57-14-7
189,octanoicacid,,,144.12,239,16.5,0.91,,0.00371,1.426,3.05,,,,,,15.1,3.3,8.2,159,,,,,,,,,,,,,,68937-74-6
190,oleicacid,,,282.26,360,13.4,0.895,25.6,0.000000546,1.46,7.73,1.44,,,,,14.3,3.1,5.5,320,,,,,,,,,,,,,,112-80-1
191,oleylalcohol,,,268.28,207,6.5,0.848,,,1.458,,,,,,,14.3,2.7,8,316,,,,,,,,,,,,,,143-28-2
192,oxylene,,,106.08,144,-25,0.88,,,,3.12,0.63,,,,,17.8,1,3.1,121.2,,,,,,,,,,,,,,95-47-6
193,pentylacetate,,,130.1,149,-71,0.88,1.58,3.5,1.4023,2.18,,5,,,,15.8,3.3,6.1,148,,,,,,,,,,,,,,628-63-7
194,phenol,,,94.04,182,41,1.06,,,1.5408,1.46,1.45,,1.65,0.3,0.72,18,5.9,14.9,87.5,,,,,,,,,,,,,,108-95-2
195,propionitrile,,,55.04,97,-92,0.78,0.389,,1.36585,0.16,,,,,,15.3,14.3,5.5,70.9,,,,,,,,,,,,,,68130-67-6
196,propylacetate,,,102.07,101.6,-92,0.84,,35.9,1.3845,1.24,1.79,6.3,,,,15.3,4.3,7.6,115.8,,,,,,,,,,,,,,109-60-4
197,propylamine,,,59.07,48,-83,0.717,,310,1.387,0.15,,,,,,17,4.9,8.6,83,,,,,,,,,,,,,,68187-45-1
198,propyleneglycolmonomethyletheracetate,,,132.08,146,-66,0.969,,3.92,,0.56,,,,,,15.6,5.6,9.8,137.1,,,,,,,,,,,,,,108-65-6
199,propylpropionate,,,116.08,123,-75.9,0.876,,,1.3935,,1.79,4.7,,,,15.5,5.6,5.7,132.5,,,,,,,,,,,,,,106-36-5
200,quinoline,,,129.06,238,-15,1.09,2.997,,1.62683,2.06,,,0,0.64,0.92,19.4,7,7.6,118,,,,,,,,,,,,,,91-22-5
201,resorcinol,,,110.04,280,110,1.27,,0.000489,1.578,0.86,2.09,,,,,18,8.4,21.1,87.5,,,,,,,,,,,,,,108-46-3
202,secbutylacetate,,,116.08,112,-99,0.86,,,1.3888,1.51,,,,,,15,3.7,7.6,134,,,,,,,,,,,,,,105-46-4
203,stearicacid,,,284.27,371,70.5,0.86,9.87,0.000000722,1.613,8.23,,,,,,16.4,3.3,5.5,326,,,,,,,,,,,,,,57-11-4
204,styrene,,,104.06,145,-30.6,0.91,0.696,6.4,1.544,3,,,,,,18.6,1,4.1,115.6,,,,,,,,,,,,,,100-42-5
205,succinicanhydride,,,100.02,261,119.6,1.503,,0.0015,,,,,,,,18.6,19.2,16.6,66.8,,,,,,,,,,,,,,108-30-5
206,sulfolane,,,120.02,285,27.6,1.2606,,,1.481,-0.77,,,0,0.39,0.98,18,18,9.9,95.3,,,,,,,,,,,,,,126-33-0
207,tertbutylacetate,,,116.08,97.8,,0.87,,47,1.3855,1.76,1.91,,,,,15,3.7,6,134.8,,,,,,,,,,,,,,540-88-5
208,tetrachloroethylene,,,163.88,121,-22,1.62,0.839,18.5,1.5053,3.4,0.00,2.5,,,,19,6.5,2.9,101.1,,,,,,,,,,,,,,127-18-4
209,tetrahydrofurfurylalcohol,#FF6347,,102,178,-80,1.054,11.08,0.8,1.452,0.14,,,,,,17.8,8.2,12.9,97.4,,,,,,,,,,,,,,93842-55-8
210,tetramethylurea,,,116.09,176.5,-1.2,0.9687,,,1.4493,0.19,,,,,,16.8,8.2,11,120.4,,,,,,,,,,,,,,632-22-4
211,tributylphosphate,,,266.16,289,-80,0.98,3.39,0.00113,1.4224,4,,8.91,0,0.8,0.65,16.4,6.3,4.3,345,,,,,,,,,,,,,,126-73-8
212,trichloroethylene,,,129.91,87,-86,1.46,,69,1.4773,2.42,0.77,,,,,18,3.1,5.3,90.2,,,,,,,,,,,,,,79-01-6
213,trichlorofluoromethane,,,135.9,24,-111,4.74,,803,1.374,2.53,,,,,,15.3,2,0,92.8,,,,,,,,,,,,,,75-69-4
214,tricresylphosphate,,,368.12,224,77.5,1.247,,,,,,,,,,19,12.3,4.5,613,,,,,,,,,,,,,,78-32-0
215,triethylphosphate,,,182.07,215,-57,1.07,,0.39,1.4053,0.8,,13.2,0,0.77,0.72,16.8,11.5,9.2,171,,,,,,,,,,,,,,78-40-0
217,trimethylphosphate,,,140.02,197.2,-46,1.2,,0.85,1.3967,-0.65,,,0,0.77,0.72,16.8,16,10.2,99.9,,,,,,,,,,,,,,512-56-1
218,t-Butyl Acetate,,,116.08,97.8,,0.87,,47,1.3855,1.76,1.91,,,,,15,3.7,6,134.8,,,,,,,,,,,,,,540-88-5
219,Butyl Diglycol Acetate,,,204.14,246,-32,0.985,,,1.4262,2.9,,,,,,16,4.1,8.2,208.2,,,,,,,,,,,,,,124-17-4
220,m-Cresol,,,108.06,202,11.8,1.03,2.093,0.11,1.54,1.96,1.59,,,,,18.5,6.5,13.7,105,,,,,,,,,,,,,,108-39-4
221,Diethylene Glycol Monobutyl Ether,,,162.13,230,-68,0.954,0.0649,0.0219,1.4258,0.3,,,,,,16,7,10.6,170.4,,,,,,,,,,,,,,112-34-5
223,Dipropylene Glycol Methyl Ether,,,148.11,190,-80,0.95,,,,,,,,,,15.5,5.7,11.2,156.1,,,,,,,,,,,,,,13588-28-8
224,Ethylene Glycol Monobutyl Ether,,,118.1,171,-75,0.9,,0.88,1.4198,0.83,,,,,,16,5.1,12.3,132,,,,,,,,,,,,,,9004-77-7
226,Iso-Pentyl Acetate,,,130.1,142,-79,0.87,0.872,5.6,1.402,2.13,,,,,,15.3,3.1,7,150.2,,,,,,,,,,,,,,123-92-2
227,Iso-Propyl Acetate,,,102.07,89,-73,0.87,,,1.377,1.02,1.75,,,,,14.9,4.5,8.2,117.1,,,,,,,,,,,,,,108-21-4
228,d-Limonene,,,136.13,178,-74,0.8405,,1.98,1.474,4.2,,,,,,17.2,1.8,4.3,162.9,,,,,,,,,,,,,,5989-27-5
229,Methyl Carbi-l,,,120.08,193,-84,1.025,3.48,0.25,1.4264,-1.035,,,,,,16.2,7.8,12.6,118.2,,,,,,,,,,,,,,111-77-3
230,Methyl iso-Amyl Ke-ne,,,114.1,144,-74,0.81,0.77,5.77,1.4062,1.72,,,,,,16,5.7,4.1,141.3,,,,,,,,,,,,,,110-12-3
231,"N,N-Dimethyl Acetamide",,,87.07,165,-20,0.94,0.92,,1.4358,-0.77,,,0,0.76,0.88,16.8,11.5,10.2,93,,,,,,,,,,,,,,127-19-5
232,Propylene Glycol Monobutyl Ether,,,132.12,171,,0.879,,,,1.15,,,,,,15.3,4.5,9.2,132,,,,,,,,,,,,,,5131-66-8
233,Propylene Glycol Monoethyl Ether Acetate,,,146.09,160,-89,0.98,,,,0.76,,,,,,15.6,6.3,7.7,155.1,,,,,,,,,,,,,,54839-24-6
234,sec-Butyl Acetate,,,116.08,112,-99,0.86,,,1.3888,1.51,,,,,,15,3.7,7.6,134,,,,,,,,,,,,,,105-46-4
235,3-propanediol,#FFD700,,76,214.4,-26.7,1.04,40.01,0.044,1.439,-1.093,,,,,,16.8,13.5,23.2,72.5,,,,,,,,,,,,,,504-63-2
236,4-dioxane,#FF6347,,88,101.5,11.8,1,1.19,38.103,14.224,0.42,,2.25,,,,17.5,1.8,9,85.7,,,,,,,,,,,,,,123-91-1
237,3-methoxybutan-1-ol,#9ACD32,,104,157,-85,0.92,2.28,0.908,1.408,2,,,,,,15.3,5.4,13.6,113.2,,,,,,,,,,,,,,2517-43-3
238,Benzyl acetate,#FFD700,,150,213,-51.3,1.06,2.3,0.18,1.501,2,,5,,,,18.3,5.7,6,143.7,,,,,,,,,,,,,,140-11-4
239,Butyl formate,#FFD700,,102,107,-92,0.892,30,28.9,1.391,1.32,1.92,,,,,15.7,6.5,9.2,115.2,,,,,,,,,,,,,,592-84-7
240,Dibutyl ether,#FFD700,,130,140,-95,0.77,0.69,6.01,13.992,3.21,,3.1,0,0.46,0.27,15.2,3.4,3.2,170.4,,,,,,,,,,,,,,142-96-1
241,dibutylsuccinate,#FFD700,,230,274.5,-29.2,0.98,4,0.016,14.273,24.532,,,,,,16.1,7.7,8.8,238.3,,,,,,,,,,,,,,141-03-7
242,diethyl succinate,#FFD700,,174,217.7,-21,1.04,1.05,0.044,1.42,1.26,,,,,,16.1,7.7,8.8,169.3,,,,,,,,,,,,,,68989-32-2
243,Ethyl butyrate,#9ACD32,,116,121.5,-98,0.87,0.63,14.476,1.392,1.7,1.80,5.1,,,,15.5,5.6,5,132.9,,,,,,,,,,,,,,105-54-4
244,Ethyl cyclopentane,#FFD700,,98,103,-138,0.763,0.535,38,1.426,3.85,0.00,,,,,16.5,1.2,2,125.6,,,,,,,,,,,,,,1640-89-7
245,ethyl isopropyl ke-ne,#FFD700,,100,113.5,-82.16,0.8,0.45,18.076,1.397,1.331,,13.1,,,,16,7.6,4.7,124.9,,,,,,,,,,,,,,565-69-5
246,Ethyl propionate,#FFD700,,102,99.1,-73.9,0.89,0.5,35.928,1.381,1.21,1.75,5.7,,,,15.5,6.1,4.9,115.6,,,,,,,,,,,,,,105-37-3
247,ethylene glycol diacetate,#9ACD32,,146,190,-41,1.13,1.49,0.077,14.159,0.4,,,,,,16.2,4.7,9.8,132.7,,,,,,,,,,,,,,27252-83-1
248,glycerol,#FFD700,,92,290,18.2,1.26,945,0,1.473,-1.76,,,,,,17.4,11.3,27.2,73.4,,,,,,,,,,,,,,8043-29-6
249,"Hexyl acetate, n-",#9ACD32,,144,171.5,-80.9,0.88,1.05,1.32,1.409,2.87,,,,,,15.8,2.9,5.9,166.1,,,,,,,,,,,,,,88230-35-7
250,LacticÂ acid,#FFD700,,90,216,53,1.19,36.9,0.029,14.392,0.6,,,,,,17,8.3,28.4,73.8,,,,,,,,,,,,,,598-82-3
251,Methyl amyl acetate,#9ACD32,,144,147.5,-64,0.86,0.98,28.802,1.409,19.841,,,,,,15.2,3.1,6.8,167.4,,,,,,,,,,,,,,108-84-9
252,Methyl isopropyl ke-ne,#9ACD32,,86,94,-94.4,0.8501,0.454,52.714,1.388,0.84,2.77,,,,,15.8,6.8,5,107.8,,,,,,,,,,,,,,563-80-4
253,Methyl laurate,#FFD700,,214,267,5.2,0.87,3,4,1.432,5.41,,,,,,16.1,3.6,4.2,247.2,,,,,,,,,,,,,,111-82-0
254,n-pentyl propionate,#9ACD32,,144,169,-75,0.873,1,3.6,1.41,2.823,,,,,,15.8,5.2,5.7,165.3,,,,,,,,,,,,,,624-54-4
255,o-xylene,#FFD700,,106,144.5,-25.2,0.87,0.76,6.608,1.503,3.12,0.63,,,,,17.8,1,3.1,121.1,,,,,,,,,,,,,,95-47-6
256,p-cymene,#9ACD32,,134,177.1,-68.9,0.86,0.76,1.463,1.489,4.1,,,,,,18,3.5,2.7,156.3,,,,,,,,,,,,,,4939-75-7
257,R-limonene (+) (D),#FFD700,,136,176,-75,0.84,0.923,1.98,1.47,4.57,,,,,,16.5,0.6,0,162.9,,,,,,,,,,,,,,5989-27-5
258,tert-Amyl methyl ether,#9ACD32,,102,86.3,-80,0.766,0.46,75.2,13.862,1.55,,,,,,15.2,4.5,2.5,136.1,,,,,,,,,,,,,,994-05-8
259,Triethylamine,#FF6347,,101,89.3,-114.7,0.75,20.14,57.155,1.401,1.45,,,0,0.71,0.14,15.5,0.4,1,139.7,,,,,,,,,,,,,,121-44-8
261,"1,3-dichlorobenzene",,,145.97,173,-24.8,1.288,,2.15,1.5515,3.53,,5.02,0,0.03,0.75,,,,,,,,,,,,,,,,,,541-73-1
262,"1,3-dimethylbenzene",,,106.08,139,-48,0.86,,8.29,1.4973,3.2,0.30,2.367,0,0.11,0.47,,,,,,,,,,,,,,,,,,108-38-3
263,"1,4-difluorobenzene",,,114.03,,,,,,,,,,0,0.03,0.58,,,,,,,,,,,,,,,,,,540-36-3
264,1-bromobutane,,,135.99,101.3,-112,1.2686,,41.97,1.4398,2.75,,,0,0.13,0.5,,,,,,,,,,,,,,,,,,109-65-9
279,"2,6-dimethylpyridine",,,107.07,144,-6,0.92,,,1.498,1.68,,,0,0.76,0.8,,,,,,,,,,,,,,,,,,108-48-5
281,2-chloroaniline,,,127.02,209,-2,1,2.9157,0.204,1.58586,1.92,,13.4,0.25,0.4,0.83,,,,,,,,,,,,,,,,,,95-51-2
282,2-chloroethanol,,,80,128-130 ,-67,1.2,,,1.4419,-0.06,1.78,,1.28,0.53,0.46,,,,,,,,,,,,,,,,,,107-07-3
283,2-cyanopyridine,,,104.04,224.5,29,1.081,,,1.5242,0.45,,,0,0.29,1.2,,,,,,,,,,,,,,,,,,29386-66-1
284,2-fluoropyridine,,,97.03,,,,,,,,,,0,0.51,0.84,,,,,,,,,,,,,,,,,,372-48-5
285,2-heptanone,,,114.1,151,-35.5,0.81,0.77,3.85,1.408,1.98,,,0.05,0.48,0.61,,,,,,,,,,,,,,,,,,110-43-0
286,2-methyl-2-butanol,,,88.09,87.35,-8.4,0.8096,,16.7,1.4052,0.89,1.70,11.7,0.28,0.93,0.4,,,,,,,,,,,,,,,,,,75-85-4
287,2-methylbutane,,,72.09,28,-160,0.6,0.214,,1.3537,2.3,0.13,,0,0.01,-0.08,,,,,,,,,,,,,,,,,,78-78-4
288,2-phenylace-nitrile,,,117.06,233.5,-23.8,1.0205,,0.089,1.52105,1.56,,18,0,0.41,1,,,,,,,,,,,,,,,,,,140-29-4
289,2-phenylethanol,,,122.07,219,-27,1.0185,,,1.532,1.4,1.65,,0.64,0.61,0.88,,,,,,,,,,,,,,,,,,60-12-8
292,3-chlorophenol,,,128,214,33,1.245,11.55,0.125,1.5565,2.495,,,1.57,0.23,0.77,,,,,,,,,,,,,,,,,,108-43-0
294,3-phenylpropanol,,,136.09,235.5,-18,0.993,,0.0234,1.526,1.88,,,0.53,0.55,0.95,,,,,,,,,,,,,,,,,,122-97-4
297,bis(2-methoxyethyl) ether,,,134.09,162,-68,0.95,1.089,,1.4097,-0.36,,,0,0.4,0.64,,,,,,,,,,,,,,,,,,111-96-6
298,chloroace-nitrile,,,74.99,126,,1.19,,,1.4225,0.23,,,0,0.34,1.01,,,,,,,,,,,,,,,,,,107-14-2
299,cis-decalin,,,138.14,190,-40,0.885,1.788,,,4.6,,,0,0.08,0.11,,,,,,,,,,,,,,,,,,493-01-6
300,cyclopentanone,,,84.06,131,-51,0.955,,11.4,1.435,0.38,2.93,,0,0.52,0.76,,,,,,,,,,,,,,,,,,120-92-3
301,decane,,,142.17,174.2,-29.7,0.7,,1.43,1.4102,5.98,,,0,0,0.03,,,,,,,,,,,,,,,,,,63335-87-5
302,di-n-butyl sulfide,,,146.11,185.5,-80,0.836,,,1.453,,,,0,0.38,0.36,,,,,,,,,,,,,,,,,,544-40-1
303,dibromomethane,,,171.85,97,-52.7,2.5,,,1.542,1.88,,6.7,0,0,0.92,,,,,,,,,,,,,,,,,,4371-77-1
304,diisopropyl sulfide,,,118.08,121,-78.1,,,,,2.84,,,0,0.38,0.36,,,,,,,,,,,,,,,,,,625-80-9
305,dimethyl sulfide,,,62.02,37.3,-98,0.85,,502,1.432,0.84,,,0,0.34,0.57,,,,,,,,,,,,,,,,,,75-18-3
306,dimethylcyanamide,,,70.05,163.5,-41,0.876,,,1.4089,,,,0,0.64,0.72,,,,,,,,,,,,,,,,,,1467-79-4
307,diphenyl ether,,,170.07,257,28,1.08,,0.0225,1.5805,4.21,,,0,0.13,0.66,,,,,,,,,,,,,,,,,,101-84-8
308,dipropyl ether,,,102.1,89,-122,0.7,,62.5,1.3807,2.03,,3.4,0,0.46,0.27,,,,,,,,,,,,,,,,,,111-43-3
309,dodecane,,,170.2,216,-9.6,0.7495,,0.135,1.4216,6.1,,,0,0,0.05,,,,,,,,,,,,,,,,,,112-40-3
310,ethanediol,,,62.04,,,,,,,,,,0.9,0.52,0.92,,,,,,,,,,,,,,,,,,4433-56-1
311,ethoxybenzene,,,122.07,172,-30,0.224,,1.56,1.5076,2.51,,4.5,0,0.3,0.69,,,,,,,,,,,,,,,,,,103-73-1
312,ethyl benzoate,,,150.07,75.5,-34,1.0465,,,1.505,2.64,,,0,0.41,0.74,,,,,,,,,,,,,,,,,,70750-03-7
313,ethyl chloroacetate,,,122.01,144.2,-26,1.01,,,1.4227,,,11.6,0,0.35,0.7,,,,,,,,,,,,,,,,,,105-39-5
315,fluorobenzene,,,96.04,,,1.0225,,,,,,,0,0.07,0.62,,,,,,,,,,,,,,,,,,462-06-6
316,heptanoic acid,,,130.1,223,-7.5,0.9175,3.4,0.0107,1.423,2.42,,2.5,1.2,0.45,0.5,,,,,,,,,,,,,,,,,,111-14-8
317,hexafluorobenzene,,,185.99,,,,,,,,,,0,0.02,0.33,,,,,,,,,,,,,,,,,,392-56-3
318,hexanoic acid,,,116.08,205,-3,0.9255,,,1.4165,1.88,,,1.22,0.45,0.52,,,,,,,,,,,,,,,,,,142-62-1
319,hexanol,,,102.1,157,-44.6,0.8185,0.592,0.928,1.4175,2.03,,,0.8,0.84,0.4,,,,,,,,,,,,,,,,,,25917-35-5
320,iodobenzene,,,203.94,188.4,-31.3,1.808,,1.06,1.62,3.25,,,0,0.06,0.81,,,,,,,,,,,,,,,,,,591-50-4
321,methyl formate,,,60.02,32,-100,0.98,,585.7,1.3433,-0.21,,8.5,0,0.37,0.62,,,,,,,,,,,,,,,,,,107-31-3
322,"N,N-diethylacetamide",,,115.1,185.5,20,0.913,,,1.4374,0.34,,,0,0.78,0.84,,,,,,,,,,,,,,,,,,685-91-6
323,"N,N-dimethylaniline",,,121.09,193,2.5,0.96,,0.7,1.5582,2.3,,,0,0.43,0.73,,,,,,,,,,,,,,,,,,121-69-7
324,"N,N-dimethylbenzylamine",,,135.1,180,-75,0.9,,,,1.91,,,0,0.64,0.45,,,,,,,,,,,,,,,,,,103-83-3
325,"N,N-dimethylcyclohexylamine",,,127.14,163.5,-60,0.85,,,,2.01,,,0,0.84,0.23,,,,,,,,,,,,,,,,,,98-94-2
326,N-methylacetamide,,,73.05,205,28,0.9371,,,1.4301,-1.05,,,0.47,0.8,1.01,,,,,,,,,,,,,,,,,,79-16-3
327,N-methylaniline,,,107.07,195,-57,0.989,1.766,,1.57367,1.7,,6,0.17,0.47,0.82,,,,,,,,,,,,,,,,,,100-61-8
328,N-methylformamide,,,59.04,182.5,-3,0.9961,,,1.4319,-0.0624,,182.4,0.62,0.8,0.9,,,,,,,,,,,,,,,,,,123-39-7
330,octane,,,114.14,126,-56.8,0.7,0.5151,14.1,1.3974,4.59,,,0,0,0.01,,,,,,,,,,,,,,,,,,31372-91-5
331,oxane,,,86.07,88,-49.2,0.8814,,,1.4211,0.95,,2.4,0,0.54,0.51,,,,,,,,,,,,,,,,,,142-68-7
332,pentafluoropyridine,,,169,,,,,,,,,,0,0.16,0.53,,,,,,,,,,,,,,,,,,700-16-3
333,pentanoic acid,,,102.07,186.5,-34.5,0.9375,2.3,,1.4095,1.39,,,1.19,0.45,0.54,,,,,,,,,,,,,,,,,,109-52-4
334,piperidine,,,85.09,106,-7,0.86,,32.1,1.452,0.84,,5.9,0,1.04,0.3,,,,,,,,,,,,,,,,,,110-89-4
335,propanoic acid,,,74.04,141,-21,0.99,1.02,3.53,1.3865,0.33,,,1.12,0.45,0.58,,,,,,,,,,,,,,,,,,68990-37-4
336,pyrrolidine,,,107.05,89,-63,0.85,,62.7,1.443,0.46,,,0.16,0.7,0.39,,,,,,,,,,,,,,,,,,123-75-1
337,tetradecafluorohexane,,,337.98,57.2,-86.1,1.6717,,218,1.2515,,,,0,-0.08,-0.41,,,,,,,,,,,,,,,,,,355-42-0
338,tetramethylsilane,,,88.07,26.6,-99.06,0.641,,718,1.3587,3.24,,1.921,0,0.02,-0.09,,,,,,,,,,,,,,,,,,75-76-3
340,thiolane,,,88.03,120,-96.2,1,,,1.5048,1.8,,,0,0.44,0.62,,,,,,,,,,,,,,,,,,110-01-0
342,"trans-1,2-dichloroethene",,,95.95,55,-49.8,1.27,0.41,331,1.4454,2,0.00,,0,0,0.44,,,,,,,,,,,,,,,,,,156-60-5
343,tributylamine,,,185.21,216.5,-70,0.78,0.73,0.0934,1.4299,1.52,,,0,0.62,0.16,,,,,,,,,,,,,,,,,,102-82-9
344,"2,4-dimethylpentan-3-one",,,114.1,125.4,-69,,,,,1.86,2.73,,,,,,,,,,,,,,,,,,,,,,565-80-0
345,2-methylpentane,,,86.11,60,-153,0.6555,,211,1.3715,3.2,,,,,,,,,,,,,,,,,,,,,,,73513-42-5
346,"3,3-dimethylbutan-2-one",,,100.09,106.1,-52.5,0.7229,,31.5,1.3952,1.2,,12.8,,,,,,,,,,,,,,,,,,,,,75-97-8
347,2-(2-hydroxyethoxy)ethanol,,,106.06,245,-6.5,1.12,0.3,0.005,1.4472,-1.47,5.49,,,,,,,,,,,,,,,,,,,,,,111-46-6
348,1-ethoxy-2-(2-ethoxyethoxy)ethane,,,162.13,189,-44,0.91,,0.52,1.4115,0.39,,,,,,,,,,,,,,,,,,,,,,,112-36-7
349,2-methylpropylacetate,,,116.08,118,-99,0.87,,17.8,1.3905,1.6,1.87,,,,,,,,,,,,,,,,,,,,,,110-19-0
350,propan-2-ylacetate,,,102.07,89,-73,0.87,,,1.377,1.02,1.75,,,,,,,,,,,,,,,,,,,,,,108-21-4
351,nonane,,,128.16,150.8,-51,0.72,0.6696,4.45,1.4058,5.65,,,,,,,,,,,,,,,,,,,,,,,111-84-2
352,pentan-3-ol,,,88.09,116,-8,0.8,,,,1.21,,,,,,,,,,,,,,,,,,,,,,,584-02-1
353,2-[2-[2-(2-hydroxyethoxy)ethoxy]ethoxy]ethanol,,,194.12,327.3,-9.4,1.12,,,1.4577,,,,,,,,,,,,,,,,,,,,,,,,112-60-7
354,2-[2-(2-hydroxyethoxy)ethoxy]ethanol,,,150.09,285,2,1.1,47.8,,1.4531,-1.57,5.58,,,,,,,,,,,,,,,,,,,,,,112-27-6
355,"1,2-bis(2-methoxyethoxy)ethane",,,178.12,216,-45,0.99,,,,-0.48,,,,,,,,,,,,,,,,,,,,,,,112-49-2
356,2-methylcyclohexan-1-one,,,112.09,165.1,-14,0.93,,,1.447,,,,,,,,,,,,,,,,,,,,,,,,583-60-8
357,ethyl3-oxobutanoate,,,130.06,180.8,-45,1.025,,,1.4195,0.27,,15.9,,,,,,,,,,,,,,,,,,,,,141-97-9
358,2-methylpyridine,,,93.06,128.5,-70,0.95,,11.2,1.4957,1.1,,,,,,,,,,,,,,,,,,,,,,,109-06-8
359,"2,2,2-trifluoroaceticacid",,,113.99,72,-15,1.5,,,1.285,-2.1,,39,,,,,,,,,,,,,,,,,,,,,76-05-1
360,"(2,2-dimethyl-1,3-dioxolan-4-yl)methanol",,,132.08,188.5,-26.4,1.06,,,,,,,,,,,,,,,,,,,,,,,,,,,36543-79-0
361,(4r)-1-methyl-4-prop-1-en-2-ylcyclohexene,,,136.13,178,-74,0.8405,,1.98,1.474,4.2,,,,,,,,,,,,,,,,,,,,,,,5989-27-5
362,"(z)-1,2-dichloroethene",,,95.95,55,-80,1.27,,200,1.4435,2,1.90,,,,,,,,,,,,,,,,,,,,,,156-59-2
363,hexan-2-one,,,100.09,127,-57,0.81,0.62,11.6,1.4024,1.38,2.68,,,,,,,,,,,,,,,,,,,,,,591-78-6
364,propylformate,,,88.05,81,-92.9,0.9,,,1.3765,0.83,1.90,7.9,,,,,,,,,,,,,,,,,,,,,110-74-7
365,dimethylhexanedioate,,,174.09,109.5,8,1.063,,,1.4285,1.03,,,,,,,,,,,,,,,,,,,,,,,627-93-0
366,3-methylbutylacetate,,,130.1,142,-79,0.87,0.872,5.6,1.402,2.13,,,,,,,,,,,,,,,,,,,,,,,123-92-2
367,2-acetyloxyethylacetate,,,146.06,190.5,-31,1.104,,0.0774,1.415,0.24,,,,,,,,,,,,,,,,,,,,,,,111-55-7
368,trimethoxymethane,,,106.06,100.6,,0.9676,,,1.3773,,,,,,,,,,,,,,,,,,,,,,,,149-73-5
369,"pentane-2,4-dione",,,100.05,140,-23,0.975,,,1.4494,0.4,,,,,,,,,,,,,,,,,,,,,,,123-54-6
370,ethylcyclohexane,,,112.13,,,0.788,,,,,,,,,,,,,,,,,,,,,,,,,,,1678-91-7
371,methylpropanoate,,,88.05,80,-88,0.915,,,1.3765,0.82,1.70,5.4,,,,,,,,,,,,,,,,,,,,,554-12-1
372,methylbutanoate,,,102.07,102.5,-95,0.8945,,,1.388,1.29,1.72,5.6,,,,,,,,,,,,,,,,,,,,,623-42-7
373,nonan-5-one,,,142.14,188.4,-3.8,0.8217,,0.552,1.4195,2.88,,,,,,,,,,,,,,,,,,,,,,,502-56-7
374,pyrimidine,,,80.04,,22,,,,,-0.4,,,,,,,,,,,,,,,,,,,,,,,25247-63-6
375,cyclopentane,,,70.08,49,-94,0.75,,317.8,1.4065,3,0.00,,,,,,,,,,,,,,,,,,,,,,287-92-3
376,nonan-1-ol,,,144.15,214,-5,0.827,,,1.433,3.77,1.70,,,,,,,,,,,,,,,,,,,,,,143-08-8
377,heptan-1-ol,,,116.12,175,-34,0.8225,,0.2163,1.425,2.62,,,,,,,,,,,,,,,,,,,,,,,53535-33-4
378,hexanedinitrile,,,108.07,295,1,0.97,2.6,0.00068,1.438,-0.32,,,,,,,,,,,,,,,,,,,,,,,68411-90-5
379,pentan-1-amine,,,87.1,,,0.7545,,,1.421,,,4.6,,,,,,,,,,,,,,,,,,,,,110-58-7
380,thiophene,,,84,84,-38,1.06,,,1.52684,1.81,,,,,,,,,,,,,,,,,,,,,,,25233-34-5
381,1h-pyrrole,,,67.04,130.5,-24,0.96,,,1.5085,0.75,,,,,,,,,,,,,,,,,,,,,,,109-97-7
382,n-propan-2-ylpropan-2-amine,,,101.12,,,0.75,,,,,,,,,,,,,,,,,,,,,,,,,,,108-09-8
383,butylbenzene,,,134.11,183.3,-87.9,0.8601,,,1.4898,4.38,,,,,,,,,,,,,,,,,,,,,,,104-51-8
384,n-ethylaniline,,,121.09,205,-63,0.96,,,1.5559,2.16,,5.9,,,,,,,,,,,,,,,,,,,,,103-69-5
385,phenylmethanamine,,,107.07,185,10,0.98,,0.662,1.5401,1.09,1.38,4.6,,,,,,,,,,,,,,,,,,,,,100-46-9
386,isopropylbenzene,,,120.09,152,-96,0.86,,4.5,1.4915,3.66,,,,,,,,,,,,,,,,,,,,,,,98-82-8
387,methylcyclopentane,,,84.09,71.8,-139.8,0.7486,,138,1.4097,3.37,,,,,,,,,,,,,,,,,,,,,,,5310-57-6
388,methylbenzoate,,,136.05,199,-12,1.0855,,0.38,1.5165,2.12,2.53,6.6,,,,,,,,,,,,,,,,,,,,,93-58-3
389,2-methylpropanoicacid,,,88.05,153.5,-47,0.946,,1.81,1.3935,0.88,1.09,2.7,,,,,,,,,,,,,,,,,,,,,79-31-2
390,"1,1,2-trichloroethane",,,131.93,114,-36,1.44,1.69,23,1.4711,2.35,,,,,,,,,,,,,,,,,,,,,,,79-00-5
391,2-methylpropan-1-amine,,,73.09,68.5,-85,0.734,,138,1.394,0.73,1.27,4.5,,,,,,,,,,,,,,,,,,,,,78-81-9
392,"1,1,1,2,2-pentachloroethane",,,199.85,162,-29,1.68,,3.5,1.5025,3.67,0.92,,,,,,,,,,,,,,,,,,,,,,76-01-7
393,2-methylpropan-2-amine,,,73.09,45,-72.65,0.6958,,372,1.3784,0.4,,,,,,,,,,,,,,,,,,,,,,,75-64-9
394,"propane-1,2-diol",,,76.05,188.2,-59,1.04,0.581,,1.4324,-0.92,3.63,,,,,,,,,,,,,,,,,,,,,,57-55-6
395,1-acetyloxypropan-2-ylacetate,,,160.07,190,-31,1.058,,,1.414,0.8,,,,,,,,,,,,,,,,,,,,,,,623-84-7
396,(4-methylcyclohexyl)methanol,,,128.21,75,,0.9074,19,2.55,,,,,,,,,,,,,,,,,,,,,,,,,34885-03-5
397,trimethyl-trimethylsilyloxysilane,,,162.09,99,-66,0.7638,,,1.3774,4.2,,,,,,,,,,,,,,,,,,,,,,,107-46-0
398,dimethyl-bis(trimethylsilyloxy)silane,,,236.11,,,0.94,,,1.399,,,2.3,,,,,,,,,,,,,,,,,,,,,107-51-7
399,"2,2,4,4,6,6,8,8-octamethyl-1,3,5,7,2,4,6,8-tetraoxatetrasilocane",,,296.08,175,17.5,0.96,,1.05,1.3968,6.74,,,,,,,,,,,,,,,,,,,,,,,556-67-2
400,"2,2,4,4,6,6,8,8,10,10-decamethyl-1,3,5,7,9,2,4,6,8,10-pentaoxapentasilecane",,,370.09,210,-38,0.9593,,0.3,1.3982,8.06,,,,,,,,,,,,,,,,,,,,,,,541-02-6
401,2-(2-hexoxyethoxy)ethanol,,,190.16,259.1,-33.3,0.935,8.6,,,1.7,,,,,,,,,,,,,,,,,,,,,,,112-59-4
402,2-(2-ethoxyethoxy)ethanol,,,134.09,199,-76,0.99,3.85,,1.4273,-0.15,,,,,,,,,,,,,,,,,,,,,,,111-90-0
403,2-(2-bu-xyethoxy)ethylacetate,,,204.14,246,-32,0.985,,,1.4262,2.9,,,,,,,,,,,,,,,,,,,,,,,124-17-4
404,2-propoxyethanol,,,104.08,150.5,-90,0.91,,2.9,1.412,0.08,,,,,,,,,,,,,,,,,,,,,,,2807-30-9
405,1-methoxypropan-2-ylacetate,,,132.08,146,-66,0.969,,3.92,,0.56,,,,,,,,,,,,,,,,,,,,,,,108-65-6
406,1-propoxypropan-2-ol,,,118.1,150.2,,0.8886,,2.2125,1.413,,,,,,,,,,,,,,,,,,,,,,,,1569-01-3
407,ethyl3-ethoxypropanoate,,,146.09,168.5,,0.95,,,,,,,,,,,,,,,,,,,,,,,,,,,763-69-9
408,"(3-hydroxy-2,2,4-trimethylpentyl)2-methylpropanoate",,,216.17,257.5,-50,0.95,,,,3.47,,,,,,,,,,,,,,,,,,,,,,,77-68-9
409,2-[2-(2-bu-xyethoxy)ethoxy]ethanol,,,206.15,278,-35,0.98,,0.0025,1.4389,0.02,,,,,,,,,,,,,,,,,,,,,,,143-22-6
410,"1,3-diacetyloxypropan-2-ylacetate",,,218.08,258,3,1.1565,,248,1.428,0.21,,,,,,,,,,,,,,,,,,,,,,,102-76-1
