,Unnamed: 0.3,Unnamed: 0.2,Unnamed: 0.1,Unnamed: 0,Solvent,CHEM21,CHEM21 Numerical,Molecular Weight,Boiling Point,Melting Point,Density,Viscosity,Vapor Pressure,Refractive Index,LogP,Dipole Moment,Dielectric Constant,Alpha,Beta,Pi,Dispersion,Polarity,H Bonding,Molar Volume,Functional Group,Grignard,Amide Coupling 1,Amide Coupling 2,Heck,Baylis-Hillman,Suzuki-Miyaura Pd,Suzuki-Miyaura Ni,Buchwald-Hartwig,Alkene Metathesis,SNAr,cost,Alternative Name,Cas Number
0,0,0,0,0,"1,2-Dichloroethane",Highly Hazardous,0.0,98.96,83.4,-35.6,1.2454,0.78,78.89,1.4422,1.48,1.27,10.74,0.0,0.1,0.81,19.0,7.4,4.1,79.46009314,No Group,,,,,,,,,97.0,,28 Ã‚Â£/L,Dichloroethane,107-06-2
1,1,1,1,1,"1,2-Dimethoxyethane",Hazardous,1.0,90.12,85,-58,0.863,0.4859,48,1.3813,-0.21,1.71,7.2,0.0,0.41,0.53,15.4,6.3,6.0,104.4264195,No Group,52.3,,,,,,,86.0,,,54 Ã‚Â£/L,Dimethoxyethane,173201-80-4
2,2,2,2,2,2-Methoxyethanol,Hazardous,1.0,76.1,124.1,-85.1,0.9647,1.544,9.5,1.4024,-0.77,2.04,16.93,0.264705882,0.419019608,0.624716981,16.2,9.2,16.4,78.87944439,No Group,,,,,,,,,,,40 Ã‚Â£/L,Methoxyethanol,109-86-4
3,3,3,3,3,Acetic acid,Problematic,2.0,60.05,117.9,16.6,1.0446,1.056,15.7,1.372,-0.17,1.7,6.2,1.12,0.45,0.64,14.5,8.0,13.5,57.48841662,No Group,,,,,,,,,,,36 Ã‚Â£/L,Acetic acid,157090-22-7
4,4,4,4,4,Acetic anhydride,Problematic,2.0,102.09,139.5,-73.4,1.082,0.843,5.11,1.3901,-0.27,2.8,20.7,0.0,0.29,0.76,16.0,11.7,10.2,94.35268022,No Group,,,,,,,,,,,40 Ã‚Â£/L,Acetic anhydride,108-24-7
5,5,5,5,5,Acetone,Recommended,3.0,58.08,56.08,-94.9,0.7845,0.32,231,1.3588,-0.24,2.88,20.7,0.08,0.43,0.71,15.5,10.4,7.0,74.03416189,No Group,,,,,,,96.0,,,,28 Ã‚Â£/L,Ace-ne,67-64-1
6,6,6,6,6,Ace-nitrile,Problematic,2.0,41.05,81.6,-44,0.79,0.35,88.8,1.33934,-0.34,3.94,37.5,0.19,0.4,0.75,15.3,18.0,6.1,51.96506329,No Group,,,80.0,58.0,50.0,,99.0,,,,73 Ã‚Â£/L,Ace-nitrile,54841-72-4
7,7,7,7,7,Anisole,Recommended,3.0,108.14,153.7,-37.3,0.9956,0.778,3.54,1.51791,2.11,1.36,4.3,0.0,0.32,0.73,17.8,4.1,6.7,108.6179188,No Group,,,,,,97.0,,16.0,,,32 Ã‚Â£/L,,100-66-3
8,8,8,8,8,Benzene,Highly Hazardous,0.0,78.11,80.08,5.558,0.8756,0.604,94.8,1.5011,2.13,0.0,2.275,0.0,0.1,0.59,18.4,0.0,2.0,89.21128369,Arene,,,,,,,,,,,48 Ã‚Â£/L,Benzene,27271-55-2
9,9,9,9,9,Benzotrifluoride,No Ranking,,146.11,103.46,-29.05,1.1886,0.5524,38.83,1.41486,3.01,2.86,9.18,0.264705882,0.419019608,0.624716981,17.5,8.8,0.0,122.9261316,No Group,,,,,,,,,,,71 Ã‚Â£/L,,98-08-8
10,10,10,10,10,Benzyl alcohol,Problematic,2.0,108.14,205.3,-15.2,1.0419,5.474,0.094,1.5396,1.1,1.71,13,0.6,0.52,0.98,18.4,6.3,13.7,103.7907669,No Group,,,,,,,,,,,25 Ã‚Â£/L,Benzyl alcohol,1336-27-2
11,11,11,11,11,Carbon tetrachloride,Highly Hazardous,0.0,153.82,76.7,-22.2,1.594,0.91,115,1.4601,2.83,0.0,2.2,0.0,0.1,0.28,17.8,0.0,0.6,96.50125471,No Group,,,,,,,,,,,10000 Ã‚Â£/L,Carbontetrachloride,56-23-5
12,12,12,12,12,Chloroform,Highly Hazardous,0.0,119.38,61.12,-63.47,1.484,0.54,197,1.4459,1.97,1.01,4.8,0.2,0.1,0.58,17.8,3.1,5.7,80.44332884,No Group,,,,,,,,,,,30 Ã‚Â£/L,Chloroform,67-66-3
13,13,13,13,13,Cyclohexane,Problematic,2.0,84.16,80.7,6.47,0.7781,0.89,97.5,1.42662,3.44,0.61,2,0.0,0.0,0.0,16.8,0.0,0.2,108.1619329,Alkane,,,,,,,,,,,21.5 Ã‚Â£/L,Cyclohexane,25012-93-5
14,14,14,14,14,Cyclohexanone,Problematic,2.0,98.14,155.4,-31,0.9421,2.02,5,1.4507,0.81,3.08,16.02,0.0,0.53,0.76,17.8,6.3,5.1,104.1762021,No Group,,,,,,,,,,,29 Ã‚Â£/L,Cyclohexanone,11119-77-0
15,15,15,15,15,Cyclopentyl methyl ether,No Ranking,,100.16,105.45,-140,0.86,0.549,34.6,1.4235,1.59,1.27,4.76,0.0,0.53,0.42,16.7,4.3,4.3,116.4653488,No Group,61.0,100.0,,14.5,50.0,98.0,,63.0,73.0,,87 Ã‚Â£/L,,5614-37-9
16,16,16,16,16,Cyrene,No Ranking,,128.13,227,-20,1.25,11.62,0.11,1.4712,-0.71,4.4,3.4,0.0,0.61,0.93,18.8,10.6,6.9,102.504,No Group,,,,58.0,100.0,,,,,51.0,122 Ã‚Â£/L,,53716-82-8
17,17,17,17,17,Dichloromethane,Hazardous,1.0,84.93,39.75,-95,1.3255,0.41,435,1.4244,1.25,1.6,9.1,0.13,0.1,0.82,18.2,6.3,6.1,64.07604677,No Group,,100.0,91.0,,,,,,97.0,,19 Ã‚Â£/L,Dichloromethane,1605-72-7
18,18,18,18,18,Diethyl ether,Highly Hazardous,0.0,74.12,34.6,-116.3,0.7134,0.22,538,1.35555,0.89,1.15,4.3,0.0,0.47,0.27,14.5,2.9,5.1,103.9001962,No Group,81.0,,,,,,,,,,20 Ã‚Â£/L,Diethyl ether,60-29-7
19,19,19,19,19,Dimethyl carbonate,No Ranking,,90.08,90.5,0.5,1.0636,0.664,55.364,1.3687,0.15,0.93,3.17,0.0,0.32,0.44,15.5,3.9,9.7,84.69217751,No Group,,100.0,,,,98.0,,,93.0,,41 Ã‚Â£/L,,616-38-6
20,20,20,20,20,Dimethyl sulfoxide,Problematic,2.0,78.13,189,18.45,1.1,1.99,0.6,1.4783,-1.35,3.96,46.68,0.0,0.76,1.0,18.4,16.4,10.2,71.02618182,No Group,,,87.0,63.5,60.0,,0.0,,,,160 Ã‚Â£/L,Dimethylsulfoxide,164071-41-4
21,21,21,21,21,Dioxane,Hazardous,1.0,88.11,101.2,11.75,1.0337,1.18,38.1,1.4224,-0.27,0.0,2.2,0.0,0.37,0.55,19.0,1.8,7.4,85.23749637,No Group,,,,,,,,,,,56 Ã‚Â£/L,Dioxane,28347-88-8
22,22,22,22,22,Ethanol,Recommended,3.0,46.07,78.24,-114.1,0.7893,1.07,59.3,1.3611,-0.31,1.69,24.55,0.86,0.75,0.54,15.8,8.8,19.4,58.366654,Alcohol,,,,,,,,,,,40 Ã‚Â£/L,Ethanol,121182-78-3
23,23,23,23,23,Ethyl acetate,Recommended,3.0,88.11,77.1,-83.8,0.9003,0.42,93.2,1.3723,0.73,1.78,6.0,0.0,0.45,0.55,15.8,5.3,7.2,97.86293458,No Group,,100.0,89.0,,,95.0,100.0,72.0,97.0,,28 Ã‚Â£/L,Ethyl acetate,141-78-6
24,24,24,24,24,Ethyl lactate,No Ranking,,118.13,154,-26,1.0328,2.398,3.75,1.4124,-0.19,2.55,13.1,0.69,0.52,0.82,16.0,7.6,12.5,114.3783888,No Group,,,,,,,,,,,55 Ã‚Â£/L,,97-64-3
25,25,25,25,25,Ethylene carbonate,No Ranking,,88.06,248,36.4,1.3214,1.93,979,1.4148,-0.9,4.51,89.78,0.0,0.32,0.99,19.4,21.7,5.1,66.64355986,No Group,,,,,,,,,,,38 Ã‚Â£/L,,96-49-1
26,26,26,26,26,Ethylene glycol,Recommended,3.0,62.07,197.3,-12.69,1.1135,16.1,0.092,1.4318,-1.36,2.31,37.7,0.9,0.52,0.92,17.0,11.0,26.0,55.7415357,No Group,,,,,,,,,,,23 Ã‚Â£/L,Ethylene Glycol,37221-95-7
27,27,27,27,27,Gamma-valerolac-ne,No Ranking,,100.12,205,-31,1.05,1.86,0.33,1.4313,-0.27,4.71,36.14,0.0,0.58,0.88,15.5,4.7,6.6,95.35238095,No Group,,,,78.5,73.0,63.0,,25.0,,86.0,98 Ã‚Â£/L,,108-29-2
28,28,28,28,28,Heptane,Problematic,2.0,100.2,98.38,-90.549,0.6795,0.395,46.03,1.3855,4.66,0.0,1.92,0.0,0.0,-0.08,15.3,0.0,0.0,147.4663723,Alkane,,,,,,,,,,,47 Ã‚Â£/L,Heptane,142-82-5
29,29,29,29,29,Hexafluoroisopropanol,No Ranking,,168.05,58.9,-3.9,1.596,1.58,158,1.275,1.91,2.05,16.7,1.96,0.0,0.65,17.2,4.5,14.7,105.2944862,No Group,,,,,,,,,,,1000 Ã‚Â£/L,,920-66-1
30,30,30,30,30,Hexamethylphosphoramide,Highly Hazardous,0.0,179.2,233,6.1,1.03,3.24,0.03,1.4572,0.28,4.19,29,0.0,1.05,0.87,18.5,8.6,11.3,173.9805825,No Group,,,,,,,,,,,452 Ã‚Â£/L,HMPA,630-31-9
31,31,31,31,31,Hexane,Hazardous,1.0,86.18,68.7,-95.35,0.6606,0.295,153,1.3727,3.9,0.0,1.88,0.0,0.0,-0.04,14.9,0.0,0.0,130.4520133,Alkane,,,,,,,,,,,70 Ã‚Â£/L,hexane,92112-69-1
32,32,32,32,32,i-Amyl alcohol,No Ranking,,88.15,132.5,-117.2,0.813,3.738,2.37,1.4075,1.16,1.7,15.2,0.84,0.86,0.4,15.8,5.2,13.3,108.4246002,No Group,,,,,,,,,,,62 Ã‚Â£/L,,123-51-3
33,33,33,33,33,i-Butanol,No Ranking,,74.12,108,-108,0.8018,3.332,10.4,1.3955,0.76,1.64,17.7,0.79,0.84,0.4,15.1,5.7,15.9,92.44499875,Alcohol,,,,,,,,,,,60 Ã‚Â£/L,,68989-27-5
34,34,34,34,34,Isopropyl alcohol,Recommended,3.0,60.1,82.3,-88.5,0.78509,2.04,45.4,1.377,0.05,1.59,19.4,0.76,0.95,0.48,15.8,6.1,16.4,76.54612847,Alcohol,,100.0,,,,,,,31.0,,47 Ã‚Â£/L,,8013-70-5
35,35,35,35,35,Isopropylacetate,Recommended,3.0,102.13,88.6,-73.4,0.8718,0.49,60.37,1.3773,1.02,1.75,6.3,0.0,0.4,0.53,14.9,4.5,8.2,117.1516403,No Group,,,,,,96.0,100.0,77.0,,,27 Ã‚Â£/L,isopropylacetate,108-21-4
36,36,36,36,36,Methanol,Recommended,3.0,32.04,64.7,-97.8,0.7866,0.54,127,1.3292,-0.77,1.7,32.7,0.98,0.66,0.6,15.1,12.3,22.3,40.73480803,Alcohol,,,,,,,,,28.0,,31 Ã‚Â£/L,Methanol,54841-71-3
37,37,37,37,37,Methyl cyclohexane,Problematic,2.0,98.19,100.9,-126.6,0.7694,0.687,46,1.4231,3.61,0.0,2.02,0.264705882,0.419019608,-0.01,16.0,0.0,1.0,127.6158045,Alkane,,,,,,,,,,,30 Ã‚Â£/L,Methylcyclohexane,108-87-2
38,38,38,38,38,Methyl ethyl ke-ne,Recommended,3.0,72.11,79.59,-86.67,0.7997,0.41,90.6,1.3788,0.29,2.76,18.4,0.06,0.48,0.67,16.0,9.0,5.1,90.16706265,No Group,,,,,,,,,,,24 Ã‚Â£/L,MEK,78-93-3
39,39,39,39,39,Methyl isobutyl ke-ne,Recommended,3.0,100.16,115.7,-85,0.7965,0.55,19.9,1.3962,1.31,2.7,13.11,0.02,0.48,0.65,15.3,6.1,4.1,125.750408,No Group,,,,,,,,,,,30 Ã‚Â£/L,Methyl isobutyl ke-ne,108-10-1
40,40,40,40,40,Methyl tert-butyl ether,Hazardous,1.0,88.15,55.1,-108.6,0.7353,0.319,250,1.3664,0.94,1.36,2.6,0.264705882,0.419019608,0.624716981,14.8,4.3,5.0,119.8819529,No Group,,100.0,,,,98.0,100.0,92.0,,,45 Ã‚Â£/L,t-Butyl methyl ether,1634-04-4
41,41,41,41,41,Methyl tetrahydrofuran,Problematic,2.0,86.13,81,-136,0.85,0.4753,81.8,1.406,0.82,1.38,6.97,0.0,0.58,0.53,16.9,5.0,4.3,101.3334118,No Group,81.0,100.0,,,,96.0,100.0,98.0,38.0,,54 Ã‚Â£/L,Methyl tetrahydrofuran,25265-68-3
42,42,42,42,42,Dimethylethylene urea,No Ranking,,114.15,225,8,1.058,1.9256,0.1,1.472,-0.03,2.64,37.6,0.264705882,0.419019608,0.624716981,17.8,9.5,9.3,107.8922495,No Group,,,,,,,,,,,318 Ã‚Â£/L,,80-73-9
43,43,43,43,43,Dimethylformamide,Hazardous,1.0,73.09,152.8,-60.3,0.9445,0.79,3.87,1.42083,-1.01,3.82,36.71,0.0,0.69,0.88,17.4,13.7,11.3,77.38951826,No Group,,100.0,,69.0,88.0,,,,,,32 Ã‚Â£/L,Dimethylformamide,68-12-2
44,44,44,44,44,Dimethylpropylene urea,Problematic,2.0,128.18,246.5,-23,1.06,2.917,0,1.472,-0.03,4.17,36.12,0.264705882,0.419019608,1.08,18.0,10.5,9.7,120.9245283,No Group,,,,,,,,,,,350 Ã‚Â£/L,,7226-23-5
45,45,45,45,45,Nitrobenzene,No Ranking,,123.11,210.8,5.7,1.2037,1.863,0.245,1.5562,1.85,4.23,36.09,0.0,0.3,1.01,20.0,8.6,4.1,102.2763147,No Group,,,,,,,,,,,52 Ã‚Â£/L,,98-95-3
46,46,46,46,46,Nitromethane,Highly Hazardous,0.0,64.06,101.1,-28.7,1.1371,0.63,35.8,1.3817,-0.35,3.46,39.4,0.22,0.06,0.85,15.8,18.8,5.1,56.33541465,No Group,,,,,,,,,,,96 Ã‚Â£/L,Nitromethane,19527-13-0
47,47,47,47,47,N-methylpyrrolidinone,Hazardous,1.0,85.15,202,-25,1.027,1.65,0.345,1.469,-0.38,4.09,32.2,0.0,0.77,0.92,18.0,12.3,7.2,82.91139241,No Group,,,,69.0,100.0,,,,,,37 Ã‚Â£/L,N-methylpyrolidine,26138-58-9
48,48,48,48,48,Pentane,Hazardous,1.0,72.15,36.06,-129.67,0.6262,0.216,514.04,1.3575,3.39,0.0,1.8,0.0,0.0,-0.08,15.6,0.0,0.0,115.2184606,Alkane,,,,,,,,,,,71 Ã‚Â£/L,Pentane,109-66-0
49,49,49,49,49,Propylene carbonate,No Ranking,,102.09,241.6,-48.8,1.2047,2.5,0.045,1.4189,-0.41,4.77,62.93,0.0,0.38,0.9,20.0,18.0,4.1,84.74308957,No Group,,,,70.0,80.0,37.0,,22.0,,36.0,43 Ã‚Â£/L,,108-32-7
50,50,50,50,50,p-Xylene,Problematic,2.0,106.17,138.3,13.3,0.86104,0.6,8.84,1.49575,3.15,0.0,2.27,0.0,0.12,0.43,17.6,1.0,3.1,123.3008919,Arene,,,,,,,,,,,49 Ã‚Â£/L,,106-42-3
51,51,51,51,51,Pyridine,Hazardous,1.0,79.1,115.25,-41.6,0.98272,0.88,20.8,1.5092,0.65,2.19,12.5,0.0,0.64,0.87,19.0,8.8,5.9,80.49088245,No Group,,,,,,,,,,,130 Ã‚Â£/L,Pyridine,152758-95-7
52,52,52,52,52,t-Butanol,Recommended,3.0,74.12,82.3,25.7,0.7886,4.3839,40.7,1.3878,0.35,1.31,10.9,0.42,0.93,0.41,15.2,5.1,14.7,93.99239158,Alcohol,,,,,,,,,,,34 Ã‚Â£/L,t-Butanol,75-65-0
53,53,53,53,53,Tetrahydrofuran,Problematic,2.0,72.11,65,-108.44,0.89,0.46,162,1.407,0.47,1.7,7.58,0.0,0.55,0.58,16.8,5.7,8.0,81.01865169,No Group,54.0,,84.0,,,94.0,,,,,27 Ã‚Â£/L,Tetrahydrofuran,77392-70-2
54,54,54,54,54,#NAME?,Problematic,2.0,92.14,110.6,-94.9,0.8623,0.56,28.4,1.4967,2.73,0.36,2.33,0.0,0.11,0.54,18.0,1.4,2.0,106.8539951,Arene,,,,12.5,,,100.0,,,,30 Ã‚Â£/L,#NAME?,04/08/3101
55,55,55,55,55,Trifluoroethanol,No Ranking,,100.04,74.5,-44,1.391,1.768,71.3,1.29,0.31,2.52,8.55,1.51,0.0,0.73,15.4,8.3,16.4,71.91948239,No Group,,,,,,,,,,,358 Ã‚Â£/L,,28606-06-6
56,56,56,56,56,Water,Recommended,3.0,18.02,100,0,0.995,0.89,23.8,1.333,-1.38,1.857,80.1,1.17,0.47,1.09,15.5,16.0,42.3,18.10572864,No Group,,,,,,,,,,,1 Ã‚Â£/L,Water,14314-42-2
57,57,57,57,57,"1,1,1-trichloroethane",,,131.93,74,-30,1.34,,124,1.4711,2.49,,,0.0,0.0,0.49,17.0,4.3,2.0,100.4,,,,,,,,,,,,,,71-55-6
58,58,58,58,58,"1,1,2,2-tetrachloroethane",,,165.89,,,,,,,,,,0.0,0.0,0.95,18.8,5.1,9.4,105.2,,,,,,,,,,,,,,79-34-5
59,59,59,59,59,"1,1-dichloroethane",,,97.97,57,-98,1.18,,227,1.4167,1.8,,10.7,0.1,0.1,0.48,16.6,8.2,0.4,84.8,,,,,,,,,,,,,,75-34-3
60,60,60,60,60,"1,1-dichloroethylene",,,95.95,32,-122,1.21,0.3302,600,1.4249,2.41,,,,,,17.0,6.8,4.5,79.0,,,,,,,,,,,,,,9002-85-1
61,61,61,61,61,"1,2,3,4-tetrahydronaphthalene",,,132.09,207.6,-35.8,0.9702,2.012,0.368,1.53919,3.78,,,,,,19.6,2.0,2.9,136.0,,,,,,,,,,,,,,119-64-2
62,62,62,62,62,"1,2-dibromoethane",,,185.87,,,,,,,,,,0.0,0.0,0.75,19.6,6.8,12.1,87.0,,,,,,,,,,,,,,624-61-3
63,63,63,63,63,"1,2-dichlorobenzene",,,145.97,181.5,-17,1.3,,1.36,,3.38,,,0.0,0.03,0.8,19.2,6.3,3.3,112.8,,,,,,,,,,,,,,95-50-1
64,64,64,64,64,"1,3-dimethylcyclohexane",,,112.13,,,,,,,,,,,,,16.1,0.0,1.1,140.0,,,,,,,,,,,,,,591-21-9
65,65,65,65,65,"1,3-dioxolane",,,74.04,78,-95,1.06,,,1.3974,-0.37,,,0.0,0.45,0.69,18.1,6.6,9.3,69.9,,,,,,,,,,,,,,646-06-0
66,66,66,66,66,"1,4-diethylbenzene",,,134.11,183.7,-42.83,0.862,,,1.4967,4.45,,,,,,18.0,0.0,0.6,156.9,,,,,,,,,,,,,,105-05-5
67,67,67,67,67,1-butanol,#9ACD32,,74.0,117.6,-89,0.81,2.544,6.698,13.988,0.785,,,,,,16.0,5.7,15.8,91.5,,,,,,,,,,,,,,71-36-3
68,68,68,68,68,1-chlorobutane,,,92.04,78,-123,0.89,,,1.40223,2.82,,9.6,0.0,0.0,0.39,16.4,5.5,2.0,104.9,,,,,,,,,,,,,,109-69-3
69,69,69,69,69,1-chloropropane,,,78.02,46.6,-122.8,0.8899,,344.4,1.3879,2.04,,,,,,16.0,7.8,2.0,88.1,,,,,,,,,,,,,,540-54-5
70,70,70,70,70,1-decanol,,,158.17,230,7,0.8285,,851,1.437,4.23,,,,,,17.6,2.7,10.0,191.8,,,,,,,,,,,,,,85566-12-7
71,71,71,71,71,1-methoxy-2-propanol,,,90.07,120,-96,0.96,,12.5,1.4034,,,,,,,15.6,6.3,11.6,98.2,,,,,,,,,,,,,,107-98-2
72,72,72,72,72,1-methylnaphthalene,,,142.08,245,-22,1.0202,,0.067,1.615,3.87,,,,,,20.6,0.8,4.7,138.8,,,,,,,,,,,,,,90-12-0
73,73,73,73,73,1-octanol,,,130.14,194.5,-15.5,0.825,,,1.4295,3.0,,,,,,17.0,3.3,11.9,157.7,,,,,,,,,,,,,,220713-26-8
74,74,74,74,74,1-phenoxy-2-propanol,,,152.08,241.2,11.4,1.0622,22.7,218,1.5232,1.5,,,,,,17.4,5.3,11.5,143.2,,,,,,,,,,,,,,770-35-4
75,75,75,75,75,1-propanol,,,60.06,97,-127,0.81,2.256,,1.3855,0.25,,,,,,16.0,6.8,17.4,75.2,,,,,,,,,,,,,,71-23-8
76,76,76,76,76,1-tridecanol,,,200.21,274,31,0.8,,0.000436,,8.52,,,,,,14.3,3.1,9.0,242.0,,,,,,,,,,,,,,112-70-9
77,77,77,77,77,"2,2-bu-xyethoxyethylacetate",,,204.14,246,-32,0.985,,,1.4262,2.9,,,,,,16.0,4.1,8.2,208.2,,,,,,,,,,,,,,124-17-4
78,78,78,78,78,"2,6-dimethyl-4-heptanone",,,142.14,168,-42,0.81,,1.65,1.413,2.56,,,,,,16.0,3.7,4.1,177.1,,,,,,,,,,,,,,108-83-8
79,79,79,79,79,2-butanol,,,74.07,,,,,,,,,,0.69,0.8,0.4,15.8,5.7,14.5,92.0,,,,,,,,,,,,,,4221-99-2
80,80,80,80,80,2-bu-xyethylacetate,,,160.11,192,-64,0.94,,,1.42,1.51,,,,,,15.3,7.5,6.8,171.2,,,,,,,,,,,,,,112-07-2
81,81,81,81,81,2-chloroethylether,,,142.0,178,-50,1.22,2.0653,,1.451,1.29,,,,,,18.8,9.0,5.7,117.6,,,,,,,,,,,,,,111-44-4
82,82,82,82,82,2-ethoxyethanol,,,90.07,135,-70,0.93,,5.31,1.406,-0.54,,,,,,16.2,9.2,14.3,97.8,,,,,,,,,,,,,,110-80-5
83,83,83,83,83,2-ethoxyethylacetate,,,132.08,156,-62,0.98,1.32,2,1.4054,0.24,,,,,,16.0,4.7,10.6,136.2,,,,,,,,,,,,,,111-15-9
84,84,84,84,84,2-furaldehyde,,,96.02,162,-36.5,1.16,,,1.525,0.46,,41.9,,,,18.6,14.9,5.1,83.2,,,,,,,,,,,,,,98-01-1
85,85,85,85,85,2-nitropropane,,,89.05,120,-91,0.99,0.721,17.2,1.3944,0.93,,,,,,16.2,12.1,4.1,86.9,,,,,,,,,,,,,,79-46-9
86,86,86,86,86,2-octanol,,,130.14,178.5,-38.6,0.8185,,0.242,1.4265,2.72,,,,,,16.2,4.9,11.0,159.1,,,,,,,,,,,,,,123-96-6
87,87,87,87,87,2-pentanone,,,86.07,102,-78,0.81,,35.4,1.3895,0.91,,,0.0,0.52,0.65,16.0,7.6,4.7,107.3,,,,,,,,,,,,,,107-87-9
88,88,88,88,88,2-pyrrolidinone,,,85.05,,,,,,,,,,,,,19.4,17.4,11.3,76.0,,,,,,,,,,,,,,22580-55-8
89,89,89,89,89,3-chloro-1-propanol,,,94.02,,,1.14,,,,,,,,,,17.6,5.7,14.7,84.2,,,,,,,,,,,,,,627-30-5
90,90,90,90,90,3-hexanol,,,102.1,134,,0.82,,,1.416,1.65,,,,,,15.8,4.3,13.5,123.2,,,,,,,,,,,,,,623-37-0
91,91,91,91,91,3-hydroxypropionitrile,,,71.04,221,-46,1.04,,,1.4248,-0.94,,,,,,17.2,18.8,17.6,68.3,,,,,,,,,,,,,,109-78-4
92,92,92,92,92,3-pentanone,#9ACD32,,86.0,101.9,-39,0.8,0.45,37.653,1.392,0.85,,17.3,0.0,0.45,0.72,15.8,7.6,4.7,106.4,,,,,,,,,,,,,,96-22-0
93,93,93,93,93,4-hydroxy-4-methyl-2-pentanone,,,116.08,170,-47,0.94,,,1.4232,-0.445,,,,,,15.8,8.2,10.8,124.2,,,,,,,,,,,,,,123-42-2
94,94,94,94,94,"4-hydroxymethyl-1,3-dioxolan-2-one",,,118.03,,,,,,,,,,,,,17.9,25.5,17.4,83.2,,,,,,,,,,,,,,931-40-8
95,95,95,95,95,4-methyl-2-pentanol,,,102.1,132,-90,0.81,,,1.41,1.43,,,,,,15.3,3.3,12.3,127.2,,,,,,,,,,,,,,108-11-2
96,96,96,96,96,4-octanol,,,130.14,,,,,,,,,,,,,16.0,3.3,11.9,157.0,,,,,,,,,,,,,,589-62-8
97,97,97,97,97,5-methyl-2-hexanone,,,114.1,144,-74,0.81,0.77,5.77,1.4062,1.72,,,,,,16.0,5.7,4.1,142.8,,,,,,,,,,,,,,110-12-3
98,98,98,98,98,acetaldehyde,,,44.03,20.2,-123,0.79,,902,1.37,0.63,,,,,,14.7,8.0,11.3,57.1,,,,,,,,,,,,,,75-07-0
99,99,99,99,99,ace-phenone,,,120.06,202,20,1.028,,0.397,1.5325,1.58,,,0.04,0.49,0.9,19.6,8.6,3.7,117.4,,,,,,,,,,,,,,98-86-2
100,100,100,100,100,acetylchloride,,,77.99,51,-112,1.11,,287,1.3898,-0.47,,,,,,15.8,10.6,3.9,71.0,,,,,,,,,,,,,,75-36-5
101,101,101,101,101,acrylonitrile,,,53.03,77,-84,0.81,,109,1.3911,0.25,,38,,,,16.4,17.4,6.8,67.1,,,,,,,,,,,,,,63908-52-1
102,102,102,102,102,allylalcohol,,,58.04,97,-129,0.85,,25.4,1.41345,0.17,,22.0,,,,16.2,10.8,16.8,68.4,,,,,,,,,,,,,,107-18-6
103,103,103,103,103,amylalcohol,,,88.09,138,-79,0.813,,2.2,1.4095,1.51,,13.9,,,,16.0,4.5,13.9,109.0,,,,,,,,,,,,,,71-41-0
104,104,104,104,104,benzaldehyde,,,106.04,179,-26,1.044,,1.27,1.5455,1.48,,18.0,,,,19.4,7.4,5.3,101.5,,,,,,,,,,,,,,100-52-7
105,105,105,105,105,benzoicacid,,,122.04,249,122,1.0,1.26,0.0007,1.504,1.87,,,,,,18.2,7.0,9.8,100.0,,,,,,,,,,,,,,65-85-0
106,106,106,106,106,benzonitrile,,,103.04,190.7,-12.8,1.0,,0.768,1.5289,1.56,,26.0,0.0,0.37,0.9,17.4,9.0,3.3,102.6,,,,,,,,,,,,,,100-47-0
107,107,107,107,107,benzylbenzoate,,,212.08,324,21,1.117,8.292,224,1.56325,3.97,,4.8,,,,20.0,5.1,5.2,190.3,,,,,,,,,,,,,,120-51-4
108,108,108,108,108,benzylbutylphthalate,,,312.14,370,-35,1.1,,0.00000825,1.5375,4.77,,,,,,19.0,11.3,3.1,306.0,,,,,,,,,,,,,,85-68-7
109,109,109,109,109,benzylether,,,198.1,2978,3.6,1.0425,,,1.5605,3.31,,,,,,17.4,3.7,7.4,192.7,,,,,,,,,,,,,,103-50-4
110,110,110,110,110,biphenyl,,,154.08,,,,,,,,,,,,,21.5,1.0,2.0,154.1,,,,,,,,,,,,,,81846-81-3
111,111,111,111,111,bis-2-chloroisopropylether,,,170.03,187,5,1.1,,,1.4505,2.36,,,,,,19.0,8.2,5.1,146.0,,,,,,,,,,,,,,108-60-1
112,112,112,112,112,bromobenzene,,,155.96,156.2,-30.7,1.5,,,1.5597,2.99,,5.4,0.0,0.06,0.79,20.5,5.5,4.1,105.3,,,,,,,,,,,,,,108-86-1
113,113,113,113,113,bromochloromethane,,,127.9,68,-88,1.93,,142,1.4808,1.41,,7.7,,,,17.4,5.7,3.5,65.0,,,,,,,,,,,,,,74-97-5
114,114,114,114,114,bromoethane,,,107.96,38.4,-119,1.46,0.379,467,1.4242,1.61,,4.9,,,,16.6,8.0,5.1,76.9,,,,,,,,,,,,,,74-96-4
115,115,115,115,115,bromoform,,,249.76,149.5,8.3,2.89,,5.4,1.5948,2.38,,4.5,,,,21.5,4.1,6.1,87.5,,,,,,,,,,,,,,75-25-2
116,116,116,116,116,bromotrifluoromethane,,,147.91,-58,-168,5.14,,,1.238,1.86,,,,,,9.6,2.5,0.0,97.0,,,,,,,,,,,,,,75-63-8
117,117,117,117,117,bu-xypropanol,,,132.12,171,,0.879,,,,1.15,,,,,,15.3,4.5,9.2,132.0,,,,,,,,,,,,,,5131-66-8
118,118,118,118,118,butylacetate,,,116.08,126,-78,0.88,,11.5,1.3945,1.82,,5.1,0.0,0.45,0.46,15.8,3.7,6.3,132.5,,,,,,,,,,,,,,123-86-4
119,119,119,119,119,butylamine,,,73.09,78,-50,0.74,,92.9,1.401,0.86,,,0.0,0.72,0.31,16.2,4.5,8.0,99.0,,,,,,,,,,,,,,109-73-9
120,120,120,120,120,butylbenzoate,,,178.1,250,-22,1.0,,0.01,1.494,,,,,,,18.3,5.6,5.5,178.1,,,,,,,,,,,,,,136-60-7
121,121,121,121,121,butyllactate,,,146.09,,,,,,,,,,,,,15.8,6.5,10.2,149.0,,,,,,,,,,,,,,34451-19-9
122,122,122,122,122,butylpropionate,,,130.1,146,-90,0.87,,,1.401,,,,,,,15.7,5.5,5.9,149.3,,,,,,,,,,,,,,590-01-2
123,123,123,123,123,butylstearate,,,340.33,343,27.5,0.86,,,1.4328,,,,,,,14.5,3.7,3.5,382.0,,,,,,,,,,,,,,68154-28-9
124,124,124,124,124,butyraldehyde,,,72.06,74.8,-99,0.799,0.45,111,1.382,0.88,,13.4,,,,14.7,5.3,7.0,88.5,,,,,,,,,,,,,,123-72-8
125,125,125,125,125,butyricacid,,,88.05,164,-7.9,0.954,,1.65,1.398,0.79,,3.0,,,,14.9,4.1,10.6,110.0,,,,,,,,,,,,,,107-92-6
126,126,126,126,126,butyronitrile,,,69.06,117,-112,0.81,0.6,,1.38385,0.55,,20.7,,,,15.3,12.5,5.1,87.0,,,,,,,,,,,,,,109-74-0
127,127,127,127,127,caprolac-ne,,,114.07,237,-1.5,1.0,,0.135,,0.68,,,,,,19.7,15.0,7.4,110.8,,,,,,,,,,,,,,502-44-3
128,128,128,128,128,carbondisulfide,#FF6347,,76.0,46.3,-110.8,1.266,0.36,300,1.624,1.84,,,0.0,0.07,0.61,20.5,0.0,0.6,60.0,,,,,,,,,,,,,,75-15-0
129,129,129,129,129,chlorobenzene,#FFD700,,112.0,131,-45,1.11,0.753,12,15.241,2.8,,5.62,0.0,0.07,0.71,19.0,4.3,2.0,102.1,,,,,,,,,,,,,,68411-45-0
130,130,130,130,130,chlorodifluoromethane,,,85.97,-41,-146,3.11,,"7,250",1.256,1.08,,6.11,,,,12.3,6.3,5.7,72.9,,,,,,,,,,,,,,75-45-6
131,131,131,131,131,cyanol,,,93.06,184,-6,1.02,1.62,0.667,1.5863,0.94,,6.89,,,,19.4,5.1,10.2,91.5,,,,,,,,,,,,,,62-53-3
132,132,132,132,132,cyclohexanol,#9ACD32,,100.0,161,23,0.9684,57.5,1,1.465,13.114,,15.0,0.66,0.84,0.45,17.4,4.1,13.5,106.0,,,,,,,,,,,,,,108-93-0
133,133,133,133,133,cyclohexylamine,,,99.1,134.5,-17.7,0.87,,,1.4565,1.4,,,,,,17.4,3.1,6.5,115.2,,,,,,,,,,,,,,157973-60-9
134,134,134,134,134,dibutylphthalate,,,278.15,340,-35,1.05,,0.0000201,1.49,4.72,,6.4,,,,17.8,8.6,4.1,266.0,,,,,,,,,,,,,,84-74-2
135,135,135,135,135,dibutylsebacate,,,314.25,344.5,-10,0.938,,,1.4415,,,,,,,13.9,4.5,4.1,339.0,,,,,,,,,,,,,,109-43-3
136,136,136,136,136,dichlorofluoromethane,,,101.94,8.9,-135,3.57,0.313,1360,1.3724,1.55,,5.34,,,,15.8,3.1,5.7,75.4,,,,,,,,,,,,,,75-43-4
137,137,137,137,137,diethylamine,,,73.09,55.5,-50,0.71,,237,1.3864,0.58,,3.7,0.3,0.7,0.24,14.9,2.3,6.1,103.2,,,,,,,,,,,,,,109-89-7
138,138,138,138,138,diethylcarbonate,,,118.06,126,-43,0.98,,,1.3845,1.21,,,0.0,0.4,0.45,16.6,3.1,6.1,121.0,,,,,,,,,,,,,,105-58-8
139,139,139,139,139,diethyleneglycolbutylether,,,162.13,230,-68,0.954,0.0649,0.0219,1.4258,0.3,,,,,,16.0,7.0,10.6,170.6,,,,,,,,,,,,,,112-34-5
140,140,140,140,140,diethyleneglycoldimethylether,,,134.09,162,-68,0.95,1.089,,1.4097,-0.36,,,,,,15.8,6.1,9.2,142.0,,,,,,,,,,,,,,111-96-6
141,141,141,141,141,diethyleneglycolmethylether,,,134.09,199,-76,0.99,3.85,,1.4273,-0.15,,,,,,16.2,7.8,12.7,118.0,,,,,,,,,,,,,,111-90-0
142,142,142,142,142,diethyleneglycolmonoethylether,,,134.09,199,-76,0.99,3.85,,1.4273,-0.15,,,,,,16.2,9.2,12.3,130.9,,,,,,,,,,,,,,111-90-0
143,143,143,143,143,diethylenetriamine,,,103.11,207,-39,0.96,,0.23,1.481,-1.3,,,,,,16.8,13.3,14.3,108.0,,,,,,,,,,,,,,111-40-0
144,144,144,144,144,diethylphthalate,,,222.09,295,-23,1.12,,0.0021,1.5002,2.47,,,,,,17.6,9.6,4.5,198.0,,,,,,,,,,,,,,68988-18-1
145,145,145,145,145,diethylsulfate,,,154.03,209.5,-25,1.2,,,1.40037,1.14,,,,,,15.8,14.7,7.2,131.5,,,,,,,,,,,,,,64-67-5
146,146,146,146,146,diethylsulfide,,,90.05,92,-102.05,0.8385,,60.2,1.445,1.95,,,0.0,0.37,0.46,17.0,3.1,2.0,108.2,,,,,,,,,,,,,,68990-36-3
147,147,147,147,147,diisopropylether,#FF6347,,102.0,68,-86.8,0.7192,0.38,149.262,1.368,1.52,,3.9,0.0,0.49,0.27,15.1,3.2,3.2,141.8,,,,,,,,,,,,,,108-20-3
148,148,148,148,148,dimethylphthalate,,,194.06,284,5.5,1.19,17.2,0.00308,1.5168,1.795,,,0.0,0.78,0.82,18.6,10.8,4.9,163.0,,,,,,,,,,,,,,131-11-3
149,149,149,149,149,dimethylsulfone,,,94.01,238,109,,,,,-1.41,,,,,,19.0,19.4,12.3,75.0,,,,,,,,,,,,,,67-71-0
150,150,150,150,150,dinoctylphthalate,,,390.28,220,25,0.98,,0.0000001,1.485,8.1,,,,,,16.6,7.0,3.1,277.0,,,,,,,,,,,,,,117-84-0
151,151,151,151,151,dipropylamine,,,101.12,109.3,-63,0.738,,20.1,1.40455,1.67,,2.9,,,,15.3,1.4,4.1,136.9,,,,,,,,,,,,,,142-84-7
152,152,152,152,152,dipropyleneglycol,,,134.09,,,1.005,,,1.45,,,,,,,16.5,10.6,17.7,131.8,,,,,,,,,,,,,,106-62-7
153,153,153,153,153,dipropyleneglycolbutylether,,,190.16,230,None; turns - glass at -43 ,0.91,,0.1,1.44,1.5,,,,,,15.7,6.5,10.0,211.2,,,,,,,,,,,,,,29911-28-2
154,154,154,154,154,dllimonene,,,136.13,178,-74,0.8405,,1.98,1.474,4.2,,,,,,17.2,1.8,4.3,162.9,,,,,,,,,,,,,,5989-27-5
155,155,155,155,155,dowanoldpm,,,148.11,,,,,,,,,,,,,15.5,5.7,11.2,156.1,,,,,,,,,,,,,,20324-32-7
156,156,156,156,156,epichlorohydrin,,,92.0,116,-48,1.18,,16.4,1.43585,0.26,,,,,,19.0,10.2,3.7,79.9,,,,,,,,,,,,,,106-89-8
157,157,157,157,157,ethanethiol,,,62.02,35,-144.4,0.84,,529,1.428,1.5,,,,,,15.8,6.5,7.2,74.3,,,,,,,,,,,,,,75-08-1
158,158,158,158,158,ethanolamine,,,61.05,,,,,,,,,,,,,15.8,8.8,19.4,58.5,,,,,,,,,,,,,,9007-33-4
159,159,159,159,159,ethylbenzene,,,106.08,136,-95,0.87,0.64,9.6,1.4959,3.1,,,,,,17.8,0.6,1.4,123.1,,,,,,,,,,,,,,70955-17-8
160,160,160,160,160,ethylchloroformate,,,108.0,95,-80.6,1.1,,,1.3947,,,,,,,15.5,10.0,6.8,95.6,,,,,,,,,,,,,,541-41-3
161,161,161,161,161,ethylcinnamate,,,176.08,,,1.0475,,,1.56,,,5.3,,,,18.4,8.2,4.1,166.8,,,,,,,,,,,,,,103-36-6
162,162,162,162,162,ethylenediamine,,,60.07,117,8.5,0.91,0.0154,,1.4565,-1.2,,,,,,16.6,8.8,17.0,67.3,,,,,,,,,,,,,,107-15-3
163,163,163,163,163,ethyleneglycolbutylether,,,118.1,171,-75,0.9,,0.88,1.4198,0.83,,,,,,16.0,5.1,12.3,131.6,,,,,,,,,,,,,,111-76-2
164,164,164,164,164,ethyleneglycolmonophenylether,,,138.07,237.5,14,1.1094,,7,1.534,1.16,,,,,,17.8,5.7,14.3,124.7,,,,,,,,,,,,,,122-99-6
165,165,165,165,165,ethylformate,,,74.04,53,-80,0.92,,245,1.361,0.23,,7.1,0.0,0.36,0.61,15.5,8.4,8.4,80.2,,,,,,,,,,,,,,109-94-4
166,166,166,166,166,formamide,,,45.02,207,2.5,1.13,,,1.44754,-1.51,, epsilon= 84; industrial grades may have odor of ammonia,0.71,0.48,0.97,17.2,26.2,19.0,39.8,,,,,,,,,,,,,,75-12-7
167,167,167,167,167,formicacid,#FFD700,,46.0,100.56,4,1.214,1.966,42.603,1.369,0.54,,,1.23,0.38,0.65,14.3,11.9,16.6,37.8,,,,,,,,,,,,,,15907-03-6
168,168,168,168,168,furan,,,68.03,31.3,-85.6,0.94,0.38,600,1.4214,1.34,,3.0,,,,17.8,1.8,5.3,72.5,,,,,,,,,,,,,,110-00-9
169,169,169,169,169,furfurylalcohol,,,98.04,170,-31,1.13,,,1.485,0.28,,,,,,17.4,7.6,15.1,86.5,,,,,,,,,,,,,,98-00-0
170,170,170,170,170,gammabutyrolac-ne,,,86.04,204,-44,1.125,,0.45,1.444,-0.64,,,,,,18.0,16.6,7.4,76.5,,,,,,,,,,,,,,96-48-0
171,171,171,171,171,hexadecafluoroheptane,,,387.97,,,,,,,,,,,,,12.1,0.0,0.0,227.3,,,,,,,,,,,,,,335-57-9
172,172,172,172,172,isobutylacetate,#9ACD32,,116.0,116.5,-98.8,0.88,0.69,17.776,1.4,1.72,,5.6,,,,15.1,3.7,6.3,133.5,,,,,,,,,,,,,,110-19-0
173,173,173,173,173,isobutylisobutyrate,,,144.12,148.6,-81,0.855,,4.33,1.399,,,,,,,15.1,2.8,5.8,169.8,,,,,,,,,,,,,,97-85-8
174,174,174,174,174,isopentylacetate,,,130.1,142,-79,0.87,0.872,5.6,1.402,2.13,,,,,,15.3,3.1,7.0,148.8,,,,,,,,,,,,,,123-92-2
175,175,175,175,175,isophorone,,,138.1,215,-8,0.92,2.62,,1.4775,1.67,,,,,,16.6,8.2,7.4,150.5,,,,,,,,,,,,,,78-59-1
176,176,176,176,176,isopropylpalmitate,,,298.29,342,13.5,0.8404,,0.0000559,1.4364,,,,,,,14.3,3.9,3.7,330.0,,,,,,,,,,,,,,142-91-6
177,177,177,177,177,mcresol,,,108.06,202,12.2,1.03,2.093,0.11,1.54,1.96,,,,,,18.5,6.5,13.7,105.0,,,,,,,,,,,,,,108-39-4
178,178,178,178,178,mesitylene,,,120.09,165,-45,0.86,,2.48,1.49541,3.42,,3.4,,,,18.0,0.0,0.6,139.8,,,,,,,,,,,,,,108-67-8
179,179,179,179,179,mesityloxide,,,98.07,130,-41.5,0.86,60.0,8.21,1.4445,1.7,,15.4,,,,16.4,7.2,6.1,115.6,,,,,,,,,,,,,,141-79-7
180,180,180,180,180,methylacetate,#FFD700,,74.0,57.4,-98,0.928,0.364,21.602,13.614,0.18,,6.7,0.0,0.42,0.6,15.5,7.2,7.6,79.7,,,,,,,,,,,,,,79-20-9
181,181,181,181,181,methyleneiodide,,,267.82,,,,,,,,,,,,,17.8,3.9,5.5,80.5,,,,,,,,,,,,,,75-11-6
182,182,182,182,182,methyloleate,,,296.27,217,-19.9,0.8739,2.62,,1.4522,7.45,,,,,,14.5,3.9,3.7,340.0,,,,,,,,,,,,,,139152-82-2
183,183,183,183,183,morpholine,,,87.07,129,-5,17.0,2.23,10.1,1.454,-0.86,,,0.29,0.7,0.39,18.8,4.9,9.2,87.1,,,,,,,,,,,,,,110-91-8
184,184,184,184,184,naphthalene,,,128.06,218,80,1.15,0.754,0.085,1.4003,3.35,,,,,,19.2,2.0,5.9,111.5,,,,,,,,,,,,,,72931-45-4
185,185,185,185,185,nitroethane,,,75.03,114,-90,1.05,,20.8,1.3917,0.2,,28.0,,,,16.0,15.5,4.5,71.5,,,,,,,,,,,,,,79-24-3
186,186,186,186,186,nitropropane,,,89.05,132,-108,1.0,0.79,10.1,1.4018,0.87,,,,,,16.6,12.3,5.5,89.5,,,,,,,,,,,,,,25322-01-4
187,187,187,187,187,nmethylpyrrolidine,,,99.07,202,-24.4,1.03,1.65,0.345,1.469,-0.38,,32.3,,,,18.0,12.3,7.2,96.5,,,,,,,,,,,,,,872-50-4
188,188,188,188,188,"n,ndimethylhydrazine",,,60.07,64,-58,0.79,,167,1.40753,-1.19,,,,,,15.3,5.9,11.0,76.0,,,,,,,,,,,,,,57-14-7
189,189,189,189,189,octanoicacid,,,144.12,239,16.5,0.91,,0.00371,1.426,3.05,,,,,,15.1,3.3,8.2,159.0,,,,,,,,,,,,,,68937-74-6
190,190,190,190,190,oleicacid,,,282.26,360,13.4,0.895,25.6,0.000000546,1.46,7.73,,,,,,14.3,3.1,5.5,320.0,,,,,,,,,,,,,,112-80-1
191,191,191,191,191,oleylalcohol,,,268.28,207,6.5,0.848,,,1.458,,,,,,,14.3,2.7,8.0,316.0,,,,,,,,,,,,,,143-28-2
192,192,192,192,192,oxylene,,,106.08,144,-25,0.88,,,,3.12,,,,,,17.8,1.0,3.1,121.2,,,,,,,,,,,,,,95-47-6
193,193,193,193,193,pentylacetate,,,130.1,149,-71,0.88,1.58,3.5,1.4023,2.18,,5.0,,,,15.8,3.3,6.1,148.0,,,,,,,,,,,,,,628-63-7
194,194,194,194,194,phenol,,,94.04,182,41,1.06,,,1.5408,1.46,,,1.65,0.3,0.72,18.0,5.9,14.9,87.5,,,,,,,,,,,,,,108-95-2
195,195,195,195,195,propionitrile,,,55.04,97,-92,0.78,0.389,,1.36585,0.16,,,,,,15.3,14.3,5.5,70.9,,,,,,,,,,,,,,68130-67-6
196,196,196,196,196,propylacetate,,,102.07,101.6,-92,0.84,,35.9,1.3845,1.24,,6.3,,,,15.3,4.3,7.6,115.8,,,,,,,,,,,,,,109-60-4
197,197,197,197,197,propylamine,,,59.07,48,-83,0.717,,310,1.387,0.15,,,,,,17.0,4.9,8.6,83.0,,,,,,,,,,,,,,68187-45-1
198,198,198,198,198,propyleneglycolmonomethyletheracetate,,,132.08,146,-66,0.969,,3.92,,0.56,,,,,,15.6,5.6,9.8,137.1,,,,,,,,,,,,,,108-65-6
199,199,199,199,199,propylpropionate,,,116.08,123,-75.9,0.876,,,1.3935,,,4.7,,,,15.5,5.6,5.7,132.5,,,,,,,,,,,,,,106-36-5
200,200,200,200,200,quinoline,,,129.06,238,-15,1.09,2.997,,1.62683,2.06,,,0.0,0.64,0.92,19.4,7.0,7.6,118.0,,,,,,,,,,,,,,91-22-5
201,201,201,201,201,resorcinol,,,110.04,280,110,1.27,,0.000489,1.578,0.86,,,,,,18.0,8.4,21.1,87.5,,,,,,,,,,,,,,108-46-3
202,202,202,202,202,secbutylacetate,,,116.08,112,-99,0.86,,,1.3888,1.51,,,,,,15.0,3.7,7.6,134.0,,,,,,,,,,,,,,105-46-4
203,203,203,203,203,stearicacid,,,284.27,371,70.5,0.86,9.87,0.000000722,1.613,8.23,,,,,,16.4,3.3,5.5,326.0,,,,,,,,,,,,,,57-11-4
204,204,204,204,204,styrene,,,104.06,145,-30.6,0.91,0.696,6.4,1.544,3.0,,,,,,18.6,1.0,4.1,115.6,,,,,,,,,,,,,,100-42-5
205,205,205,205,205,succinicanhydride,,,100.02,261,119.6,1.503,,0.0015,,,,,,,,18.6,19.2,16.6,66.8,,,,,,,,,,,,,,108-30-5
206,206,206,206,206,sulfolane,,,120.02,285,27.6,1.2606,,,1.481,-0.77,,,0.0,0.39,0.98,18.0,18.0,9.9,95.3,,,,,,,,,,,,,,126-33-0
207,207,207,207,207,tertbutylacetate,,,116.08,97.8,,0.87,,47,1.3855,1.76,,,,,,15.0,3.7,6.0,134.8,,,,,,,,,,,,,,540-88-5
208,208,208,208,208,tetrachloroethylene,,,163.88,121,-22,1.62,0.839,18.5,1.5053,3.4,,2.5,,,,19.0,6.5,2.9,101.1,,,,,,,,,,,,,,127-18-4
209,209,209,209,209,tetrahydrofurfurylalcohol,#FF6347,,102.0,178,-80,1.054,11.08,0.8,1.452,0.14,,,,,,17.8,8.2,12.9,97.4,,,,,,,,,,,,,,93842-55-8
210,210,210,210,210,tetramethylurea,,,116.09,176.5,-1.2,0.9687,,,1.4493,0.19,,,,,,16.8,8.2,11.0,120.4,,,,,,,,,,,,,,632-22-4
211,211,211,211,211,tributylphosphate,,,266.16,289,-80,0.98,3.39,0.00113,1.4224,4.0,,8.91,0.0,0.8,0.65,16.4,6.3,4.3,345.0,,,,,,,,,,,,,,126-73-8
212,212,212,212,212,trichloroethylene,,,129.91,87,-86,1.46,,69,1.4773,2.42,,,,,,18.0,3.1,5.3,90.2,,,,,,,,,,,,,,79-01-6
213,213,213,213,213,trichlorofluoromethane,,,135.9,24,-111,4.74,,803,1.374,2.53,,,,,,15.3,2.0,0.0,92.8,,,,,,,,,,,,,,75-69-4
214,214,214,214,214,tricresylphosphate,,,368.12,224,77.5,1.247,,,,,,,,,,19.0,12.3,4.5,613.0,,,,,,,,,,,,,,78-32-0
215,215,215,215,215,triethylphosphate,,,182.07,215,-57,1.07,,0.39,1.4053,0.8,,13.2,0.0,0.77,0.72,16.8,11.5,9.2,171.0,,,,,,,,,,,,,,78-40-0
216,216,216,216,216,trifluoromethylundecafluorocyclohexane,,,349.98,,,,,,,,,,,,,12.5,0.0,0.0,196.0,,,,,,,,,,,,,,355-02-2
217,217,217,217,217,trimethylphosphate,,,140.02,197.2,-46,1.2,,0.85,1.3967,-0.65,,,0.0,0.77,0.72,16.8,16.0,10.2,99.9,,,,,,,,,,,,,,512-56-1
218,218,218,218,218,t-Butyl Acetate,,,116.08,97.8,,0.87,,47,1.3855,1.76,,,,,,15.0,3.7,6.0,134.8,,,,,,,,,,,,,,540-88-5
219,219,219,219,219,Butyl Diglycol Acetate,,,204.14,246,-32,0.985,,,1.4262,2.9,,,,,,16.0,4.1,8.2,208.2,,,,,,,,,,,,,,124-17-4
220,220,220,220,220,m-Cresol,,,108.06,202,11.8,1.03,2.093,0.11,1.54,1.96,,,,,,18.5,6.5,13.7,105.0,,,,,,,,,,,,,,108-39-4
221,221,221,221,221,Diethylene Glycol Monobutyl Ether,,,162.13,230,-68,0.954,0.0649,0.0219,1.4258,0.3,,,,,,16.0,7.0,10.6,170.4,,,,,,,,,,,,,,112-34-5
222,222,222,222,222,Dimethyl Cyclohexane,,,112.13,,,,,,,,,,,,,16.1,0.0,1.1,140.0,,,,,,,,,,,,,,27195-67-1
223,223,223,223,223,Dipropylene Glycol Methyl Ether,,,148.11,190,-80,0.95,,,,,,,,,,15.5,5.7,11.2,156.1,,,,,,,,,,,,,,13588-28-8
224,224,224,224,224,Ethylene Glycol Monobutyl Ether,,,118.1,171,-75,0.9,,0.88,1.4198,0.83,,,,,,16.0,5.1,12.3,132.0,,,,,,,,,,,,,,9004-77-7
225,225,225,225,225,Glycerol Carbonate,,,118.03,,,,,,,,,,,,,17.9,25.5,17.4,83.2,,,,,,,,,,,,,,931-40-8
226,226,226,226,226,Iso-Pentyl Acetate,,,130.1,142,-79,0.87,0.872,5.6,1.402,2.13,,,,,,15.3,3.1,7.0,150.2,,,,,,,,,,,,,,123-92-2
227,227,227,227,227,Iso-Propyl Acetate,,,102.07,89,-73,0.87,,,1.377,1.02,,,,,,14.9,4.5,8.2,117.1,,,,,,,,,,,,,,108-21-4
228,228,228,228,228,d-Limonene,,,136.13,178,-74,0.8405,,1.98,1.474,4.2,,,,,,17.2,1.8,4.3,162.9,,,,,,,,,,,,,,5989-27-5
229,229,229,229,229,Methyl Carbi-l,,,120.08,193,-84,1.025,3.48,0.25,1.4264,-1.035,,,,,,16.2,7.8,12.6,118.2,,,,,,,,,,,,,,111-77-3
230,230,230,230,230,Methyl iso-Amyl Ke-ne,,,114.1,144,-74,0.81,0.77,5.77,1.4062,1.72,,,,,,16.0,5.7,4.1,141.3,,,,,,,,,,,,,,110-12-3
231,231,231,231,231,"N,N-Dimethyl Acetamide",,,87.07,165,-20,0.94,0.92,,1.4358,-0.77,,,0.0,0.76,0.88,16.8,11.5,10.2,93.0,,,,,,,,,,,,,,127-19-5
232,232,232,232,233,Propylene Glycol Monobutyl Ether,,,132.12,171,,0.879,,,,1.15,,,,,,15.3,4.5,9.2,132.0,,,,,,,,,,,,,,5131-66-8
233,233,233,233,234,Propylene Glycol Monoethyl Ether Acetate,,,146.09,160,-89,0.98,,,,0.76,,,,,,15.6,6.3,7.7,155.1,,,,,,,,,,,,,,54839-24-6
234,234,234,234,235,sec-Butyl Acetate,,,116.08,112,-99,0.86,,,1.3888,1.51,,,,,,15.0,3.7,7.6,134.0,,,,,,,,,,,,,,105-46-4
235,235,235,235,236,3-propanediol,#FFD700,,76.0,214.4,-26.7,1.04,40.01,0.044,1.439,-1.093,,,,,,16.8,13.5,23.2,72.5,,,,,,,,,,,,,,504-63-2
236,236,236,236,237,4-dioxane,#FF6347,,88.0,101.5,11.8,1.0,1.19,38.103,14.224,0.42,,2.25,,,,17.5,1.8,9.0,85.7,,,,,,,,,,,,,,123-91-1
237,237,237,237,238,3-methoxybutan-1-ol,#9ACD32,,104.0,157,-85,0.92,2.28,0.908,1.408,2.0,,,,,,15.3,5.4,13.6,113.2,,,,,,,,,,,,,,2517-43-3
238,238,238,238,239,Benzyl acetate,#FFD700,,150.0,213,-51.3,1.06,2.3,0.18,1.501,2.0,,5.0,,,,18.3,5.7,6.0,143.7,,,,,,,,,,,,,,140-11-4
239,239,239,239,240,Butyl formate,#FFD700,,102.0,107,-92,0.892,30.0,28.9,1.391,1.32,,,,,,15.7,6.5,9.2,115.2,,,,,,,,,,,,,,592-84-7
240,240,240,240,241,Dibutyl ether,#FFD700,,130.0,140,-95,0.77,0.69,6.01,13.992,3.21,,3.1,0.0,0.46,0.27,15.2,3.4,3.2,170.4,,,,,,,,,,,,,,142-96-1
241,241,241,241,242,dibutylsuccinate,#FFD700,,230.0,274.5,-29.2,0.98,4.0,0.016,14.273,24.532,,,,,,16.1,7.7,8.8,238.3,,,,,,,,,,,,,,141-03-7
242,242,242,242,243,diethyl succinate,#FFD700,,174.0,217.7,-21,1.04,1.05,0.044,1.42,1.26,,,,,,16.1,7.7,8.8,169.3,,,,,,,,,,,,,,68989-32-2
243,243,243,243,244,Ethyl butyrate,#9ACD32,,116.0,121.5,-98,0.87,0.63,14.476,1.392,1.7,,5.1,,,,15.5,5.6,5.0,132.9,,,,,,,,,,,,,,105-54-4
244,244,244,244,245,Ethyl cyclopentane,#FFD700,,98.0,103,-138,0.763,0.535,38,1.426,3.85,,,,,,16.5,1.2,2.0,125.6,,,,,,,,,,,,,,1640-89-7
245,245,245,245,246,ethyl isopropyl ke-ne,#FFD700,,100.0,113.5,-82.16,0.8,0.45,18.076,1.397,1.331,,13.1,,,,16.0,7.6,4.7,124.9,,,,,,,,,,,,,,565-69-5
246,246,246,246,247,Ethyl propionate,#FFD700,,102.0,99.1,-73.9,0.89,0.5,35.928,1.381,1.21,,5.7,,,,15.5,6.1,4.9,115.6,,,,,,,,,,,,,,105-37-3
247,247,247,247,248,ethylene glycol diacetate,#9ACD32,,146.0,190,-41,1.13,1.49,0.077,14.159,0.4,,,,,,16.2,4.7,9.8,132.7,,,,,,,,,,,,,,27252-83-1
248,248,248,248,249,glycerol,#FFD700,,92.0,290,18.2,1.26,945.0,0,1.473,-1.76,,,,,,17.4,11.3,27.2,73.4,,,,,,,,,,,,,,8043-29-6
249,249,249,249,250,"Hexyl acetate, n-",#9ACD32,,144.0,171.5,-80.9,0.88,1.05,1.32,1.409,2.87,,,,,,15.8,2.9,5.9,166.1,,,,,,,,,,,,,,88230-35-7
250,250,250,250,251,LacticÂ acid,#FFD700,,90.0,216,53,1.19,36.9,0.029,14.392,0.6,,,,,,17.0,8.3,28.4,73.8,,,,,,,,,,,,,,598-82-3
251,251,251,251,252,Methyl amyl acetate,#9ACD32,,144.0,147.5,-64,0.86,0.98,28.802,1.409,19.841,,,,,,15.2,3.1,6.8,167.4,,,,,,,,,,,,,,108-84-9
252,252,252,252,253,Methyl isopropyl ke-ne,#9ACD32,,86.0,94,-94.4,0.8501,0.454,52.714,1.388,0.84,,,,,,15.8,6.8,5.0,107.8,,,,,,,,,,,,,,563-80-4
253,253,253,253,254,Methyl laurate,#FFD700,,214.0,267,5.2,0.87,3.0,4,1.432,5.41,,,,,,16.1,3.6,4.2,247.2,,,,,,,,,,,,,,111-82-0
254,254,254,254,255,n-pentyl propionate,#9ACD32,,144.0,169,-75,0.873,1.0,3.6,1.41,2.823,,,,,,15.8,5.2,5.7,165.3,,,,,,,,,,,,,,624-54-4
255,255,255,255,256,o-xylene,#FFD700,,106.0,144.5,-25.2,0.87,0.76,6.608,1.503,3.12,,,,,,17.8,1.0,3.1,121.1,,,,,,,,,,,,,,95-47-6
256,256,256,256,257,p-cymene,#9ACD32,,134.0,177.1,-68.9,0.86,0.76,1.463,1.489,4.1,,,,,,18.0,3.5,2.7,156.3,,,,,,,,,,,,,,4939-75-7
257,257,257,257,258,R-limonene (+) (D),#FFD700,,136.0,176,-75,0.84,0.923,1.98,1.47,4.57,,,,,,16.5,0.6,0.0,162.9,,,,,,,,,,,,,,5989-27-5
258,258,258,258,259,tert-Amyl methyl ether,#9ACD32,,102.0,86.3,-80,0.766,0.46,75.2,13.862,1.55,,,,,,15.2,4.5,2.5,136.1,,,,,,,,,,,,,,994-05-8
259,259,259,259,260,Triethylamine,#FF6347,,101.0,89.3,-114.7,0.75,20.14,57.155,1.401,1.45,,,0.0,0.71,0.14,15.5,0.4,1.0,139.7,,,,,,,,,,,,,,121-44-8
260,260,260,260,261,"1,1,3,3-tetramethylguanidine",,,115.11,,,,,,,,,,0.0,0.86,0.76,,,,,,,,,,,,,,,,,,80-70-6
261,261,261,261,262,"1,3-dichlorobenzene",,,145.97,173,-24.8,1.288,,2.15,1.5515,3.53,,5.02,0.0,0.03,0.75,,,,,,,,,,,,,,,,,,541-73-1
262,262,262,262,263,"1,3-dimethylbenzene",,,106.08,139,-48,0.86,,8.29,1.4973,3.2,,2.367,0.0,0.11,0.47,,,,,,,,,,,,,,,,,,108-38-3
263,263,263,263,264,"1,4-difluorobenzene",,,114.03,,,,,,,,,,0.0,0.03,0.58,,,,,,,,,,,,,,,,,,540-36-3
264,264,264,264,265,1-bromobutane,,,135.99,101.3,-112,1.2686,,41.97,1.4398,2.75,,,0.0,0.13,0.5,,,,,,,,,,,,,,,,,,109-65-9
265,265,265,265,266,1-butyl-3-methyl-1H-imidazol-3-ium trifluoromethanesulfonate,,,,,,,,,,,,,0.63,0.46,1.01,,,,,,,,,,,,,,,,,,174899-66-2
266,266,266,266,267,1-butyl-3-methylimidazolium bis(trifluoromethylsulfonyl)imide,,,,,,,,,,,,,0.62,0.24,0.98,,,,,,,,,,,,,,,,,,174899-83-3
267,267,267,267,268,1-ethyl-3-methyl-1H-imidazol-3-ium dicyanoazanide,,,,,,,,,,,,,0.53,0.35,1.08,,,,,,,,,,,,,,,,,,370865-89-7
268,268,268,268,269,1-ethyl-3-methyl-1H-imidazol-3-ium hexafluorophosphate,,,,,,,,,,,,,0.76,0.2,0.99,,,,,,,,,,,,,,,,,,155371-19-0
269,269,269,269,270,1-ethyl-3-methyl-1H-imidazol-3-ium hexyl sulfate,,,111.09,,,,,,,,,,0.65,0.71,0.98,,,,,,,,,,,,,,,,,,65039-03-4
270,270,270,270,271,1-ethyl-3-methyl-1H-imidazol-3-ium octyl sulfate,,,,,,,,,,,,,0.65,0.77,0.93,,,,,,,,,,,,,,,,,,790663-79-5
271,271,271,271,272,1-ethyl-3-methyl-1H-imidazol-3-ium perchlorate,,,,,,,,,,,,,0.56,0.41,1.11,,,,,,,,,,,,,,,,,,65039-04-5
272,272,272,272,273,1-ethyl-3-methylimidazolium acetate,,,,,,,,,,,,,0.4,0.95,1.09,,,,,,,,,,,,,,,,,,143314-17-4
273,273,273,273,274,1-ethyl-3-methylimidazolium bis(trifluoromethylsulfonyl)imide,,,,,,,,,,,,,0.76,0.28,0.9,,,,,,,,,,,,,,,,,,174899-82-2
274,274,274,274,275,1-ethyl-3-methylimidazolium nitrate,,,,,,,,,,,,,0.48,0.66,1.13,,,,,,,,,,,,,,,,,,143314-14-1
275,275,275,275,276,1-ethyl-3-methylimidazolium tetrafluoroborate,,,,,,,,,,,,,0.7,0.26,1.03,,,,,,,,,,,,,,,,,,143314-16-3
276,276,276,276,277,1-hexyl-3-methyl-1H-imidazol-3-ium bis[(trifluoromethyl)sulfonyl]azanide,,,,,,,,,,,,,0.65,0.25,0.98,,,,,,,,,,,,,,,,,,382150-50-7
277,277,277,277,278,1-iodobutane,,,183.97,,,,,,,,,,0.0,0.23,0.47,,,,,,,,,,,,,,,,,,25267-27-0
278,278,278,278,279,"2,2,2-trifluoroethanol",,,100.01,,,,,,,,,,1.51,0.0,0.73,,,,,,,,,,,,,,,,,,75-89-8
279,279,279,279,280,"2,6-dimethylpyridine",,,107.07,144,-6,0.92,,,1.498,1.68,,,0.0,0.76,0.8,,,,,,,,,,,,,,,,,,108-48-5
280,280,280,280,281,2-bromopyridine,,,156.95,,,,,,,,,,0.0,0.53,1.0,,,,,,,,,,,,,,,,,,109-04-6
281,281,281,281,282,2-chloroaniline,,,127.02,209,-2,1.0,2.9157,0.204,1.58586,1.92,,13.4,0.25,0.4,0.83,,,,,,,,,,,,,,,,,,95-51-2
282,282,282,282,283,2-chloroethanol,,,80.0,128-130 ,-67,1.2,,,1.4419,-0.06,,,1.28,0.53,0.46,,,,,,,,,,,,,,,,,,107-07-3
283,283,283,283,284,2-cyanopyridine,,,104.04,224.5,29,1.081,,,1.5242,0.45,,,0.0,0.29,1.2,,,,,,,,,,,,,,,,,,29386-66-1
284,284,284,284,285,2-fluoropyridine,,,97.03,,,,,,,,,,0.0,0.51,0.84,,,,,,,,,,,,,,,,,,372-48-5
285,285,285,285,286,2-heptanone,,,114.1,151,-35.5,0.81,0.77,3.85,1.408,1.98,,,0.05,0.48,0.61,,,,,,,,,,,,,,,,,,110-43-0
286,286,286,286,287,2-methyl-2-butanol,,,88.09,87.35,-8.4,0.8096,,16.7,1.4052,0.89,,11.7,0.28,0.93,0.4,,,,,,,,,,,,,,,,,,75-85-4
287,287,287,287,288,2-methylbutane,,,72.09,28,-160,0.6,0.214,,1.3537,2.3,,,0.0,0.01,-0.08,,,,,,,,,,,,,,,,,,78-78-4
288,288,288,288,289,2-phenylace-nitrile,,,117.06,233.5,-23.8,1.0205,,0.089,1.52105,1.56,,18.0,0.0,0.41,1.0,,,,,,,,,,,,,,,,,,140-29-4
289,289,289,289,290,2-phenylethanol,,,122.07,219,-27,1.0185,,,1.532,1.4,,,0.64,0.61,0.88,,,,,,,,,,,,,,,,,,60-12-8
290,290,290,290,291,"3,4-dimethylpyridine",,,107.07,,,,,,,,,,0.0,0.78,0.73,,,,,,,,,,,,,,,,,,583-58-4
291,291,291,291,292,3-bromopyridine,,,156.95,,,,,,,,,,0.0,0.6,0.89,,,,,,,,,,,,,,,,,,626-55-1
292,292,292,292,293,3-chlorophenol,,,128.0,214,33,1.245,11.55,0.125,1.5565,2.495,,,1.57,0.23,0.77,,,,,,,,,,,,,,,,,,108-43-0
293,293,293,293,294,3-methyl-1-octyl-1H-imidazol-3-ium bis[(trifluoromethyl)sulfonyl]azanide,,,,,,,,,,,,,0.97,0.28,0.97,,,,,,,,,,,,,,,,,,178631-04-4
294,294,294,294,295,3-phenylpropanol,,,136.09,235.5,-18,0.993,,0.0234,1.526,1.88,,,0.53,0.55,0.95,,,,,,,,,,,,,,,,,,122-97-4
295,295,295,295,296,4-methylphenol,,,108.06,,,,,,,,,,1.64,0.34,0.68,,,,,,,,,,,,,,,,,,72269-62-6
296,296,296,296,297,4-methylpyridine,,,93.06,,,,,,,,,,0.0,0.67,0.84,,,,,,,,,,,,,,,,,,51010-00-5
297,297,297,297,298,bis(2-methoxyethyl) ether,,,134.09,162,-68,0.95,1.089,,1.4097,-0.36,,,0.0,0.4,0.64,,,,,,,,,,,,,,,,,,111-96-6
298,298,298,298,299,chloroace-nitrile,,,74.99,126,,1.19,,,1.4225,0.23,,,0.0,0.34,1.01,,,,,,,,,,,,,,,,,,107-14-2
299,299,299,299,300,cis-decalin,,,138.14,190,-40,0.885,1.788,,,4.6,,,0.0,0.08,0.11,,,,,,,,,,,,,,,,,,493-01-6
300,300,300,300,301,cyclopentanone,,,84.06,131,-51,0.955,,11.4,1.435,0.38,,,0.0,0.52,0.76,,,,,,,,,,,,,,,,,,120-92-3
301,301,301,301,302,decane,,,142.17,174.2,-29.7,0.7,,1.43,1.4102,5.98,,,0.0,0.0,0.03,,,,,,,,,,,,,,,,,,63335-87-5
302,302,302,302,303,di-n-butyl sulfide,,,146.11,185.5,-80,0.836,,,1.453,,,,0.0,0.38,0.36,,,,,,,,,,,,,,,,,,544-40-1
303,303,303,303,304,dibromomethane,,,171.85,97,-52.7,2.5,,,1.542,1.88,,6.7,0.0,0.0,0.92,,,,,,,,,,,,,,,,,,4371-77-1
304,304,304,304,305,diisopropyl sulfide,,,118.08,121,-78.1,,,,,2.84,,,0.0,0.38,0.36,,,,,,,,,,,,,,,,,,625-80-9
305,305,305,305,306,dimethyl sulfide,,,62.02,37.3,-98,0.85,,502,1.432,0.84,,,0.0,0.34,0.57,,,,,,,,,,,,,,,,,,75-18-3
306,306,306,306,307,dimethylcyanamide,,,70.05,163.5,-41,0.876,,,1.4089,,,,0.0,0.64,0.72,,,,,,,,,,,,,,,,,,1467-79-4
307,307,307,307,308,diphenyl ether,,,170.07,257,28,1.08,,0.0225,1.5805,4.21,,,0.0,0.13,0.66,,,,,,,,,,,,,,,,,,101-84-8
308,308,308,308,309,dipropyl ether,,,102.1,89,-122,0.7,,62.5,1.3807,2.03,,3.4,0.0,0.46,0.27,,,,,,,,,,,,,,,,,,111-43-3
309,309,309,309,310,dodecane,,,170.2,216,-9.6,0.7495,,0.135,1.4216,6.1,,,0.0,0.0,0.05,,,,,,,,,,,,,,,,,,112-40-3
310,310,310,310,311,ethanediol,,,62.04,,,,,,,,,,0.9,0.52,0.92,,,,,,,,,,,,,,,,,,4433-56-1
311,311,311,311,312,ethoxybenzene,,,122.07,172,-30,0.224,,1.56,1.5076,2.51,,4.5,0.0,0.3,0.69,,,,,,,,,,,,,,,,,,103-73-1
312,312,312,312,313,ethyl benzoate,,,150.07,75.5,-34,1.0465,,,1.505,2.64,,,0.0,0.41,0.74,,,,,,,,,,,,,,,,,,70750-03-7
313,313,313,313,314,ethyl chloroacetate,,,122.01,144.2,-26,1.01,,,1.4227,,,11.6,0.0,0.35,0.7,,,,,,,,,,,,,,,,,,105-39-5
314,314,314,314,315,ethyl trichloroacetate,,,189.94,,,,,,,,,,0.0,0.25,0.61,,,,,,,,,,,,,,,,,,515-84-4
315,315,315,315,316,fluorobenzene,,,96.04,,,1.0225,,,,,,,0.0,0.07,0.62,,,,,,,,,,,,,,,,,,462-06-6
316,316,316,316,317,heptanoic acid,,,130.1,223,-7.5,0.9175,3.4,0.0107,1.423,2.42,,2.5,1.2,0.45,0.5,,,,,,,,,,,,,,,,,,111-14-8
317,317,317,317,318,hexafluorobenzene,,,185.99,,,,,,,,,,0.0,0.02,0.33,,,,,,,,,,,,,,,,,,392-56-3
318,318,318,318,319,hexanoic acid,,,116.08,205,-3,0.9255,,,1.4165,1.88,,,1.22,0.45,0.52,,,,,,,,,,,,,,,,,,142-62-1
319,319,319,319,320,hexanol,,,102.1,157,-44.6,0.8185,0.592,0.928,1.4175,2.03,,,0.8,0.84,0.4,,,,,,,,,,,,,,,,,,25917-35-5
320,320,320,320,321,iodobenzene,,,203.94,188.4,-31.3,1.808,,1.06,1.62,3.25,,,0.0,0.06,0.81,,,,,,,,,,,,,,,,,,591-50-4
321,321,321,321,322,methyl formate,,,60.02,32,-100,0.98,,585.7,1.3433,-0.21,,8.5,0.0,0.37,0.62,,,,,,,,,,,,,,,,,,107-31-3
322,322,322,322,323,"N,N-diethylacetamide",,,115.1,185.5,20,0.913,,,1.4374,0.34,,,0.0,0.78,0.84,,,,,,,,,,,,,,,,,,685-91-6
323,323,323,323,324,"N,N-dimethylaniline",,,121.09,193,2.5,0.96,,0.7,1.5582,2.3,,,0.0,0.43,0.73,,,,,,,,,,,,,,,,,,121-69-7
324,324,324,324,325,"N,N-dimethylbenzylamine",,,135.1,180,-75,0.9,,,,1.91,,,0.0,0.64,0.45,,,,,,,,,,,,,,,,,,103-83-3
325,325,325,325,326,"N,N-dimethylcyclohexylamine",,,127.14,163.5,-60,0.85,,,,2.01,,,0.0,0.84,0.23,,,,,,,,,,,,,,,,,,98-94-2
326,326,326,326,327,N-methylacetamide,,,73.05,205,28,0.9371,,,1.4301,-1.05,,,0.47,0.8,1.01,,,,,,,,,,,,,,,,,,79-16-3
327,327,327,327,328,N-methylaniline,,,107.07,195,-57,0.989,1.766,,1.57367,1.7,,6.0,0.17,0.47,0.82,,,,,,,,,,,,,,,,,,100-61-8
328,328,328,328,329,N-methylformamide,,,59.04,182.5,-3,0.9961,,,1.4319,-0.0624,,182.4,0.62,0.8,0.9,,,,,,,,,,,,,,,,,,123-39-7
329,329,329,329,330,octadecafluoronaphthalene,,,461.97,,,,,,,,,,0.0,-0.05,-0.32,,,,,,,,,,,,,,,,,,60433-11-6
330,330,330,330,331,octane,,,114.14,126,-56.8,0.7,0.5151,14.1,1.3974,4.59,,,0.0,0.0,0.01,,,,,,,,,,,,,,,,,,31372-91-5
331,331,331,331,332,oxane,,,86.07,88,-49.2,0.8814,,,1.4211,0.95,,2.4,0.0,0.54,0.51,,,,,,,,,,,,,,,,,,142-68-7
332,332,332,332,333,pentafluoropyridine,,,169.0,,,,,,,,,,0.0,0.16,0.53,,,,,,,,,,,,,,,,,,700-16-3
333,333,333,333,334,pentanoic acid,,,102.07,186.5,-34.5,0.9375,2.3,,1.4095,1.39,,,1.19,0.45,0.54,,,,,,,,,,,,,,,,,,109-52-4
334,334,334,334,335,piperidine,,,85.09,106,-7,0.86,,32.1,1.452,0.84,,5.9,0.0,1.04,0.3,,,,,,,,,,,,,,,,,,110-89-4
335,335,335,335,336,propanoic acid,,,74.04,141,-21,0.99,1.02,3.53,1.3865,0.33,,,1.12,0.45,0.58,,,,,,,,,,,,,,,,,,68990-37-4
336,336,336,336,337,pyrrolidine,,,107.05,89,-63,0.85,,62.7,1.443,0.46,,,0.16,0.7,0.39,,,,,,,,,,,,,,,,,,123-75-1
337,337,337,337,338,tetradecafluorohexane,,,337.98,57.2,-86.1,1.6717,,218,1.2515,,,,0.0,-0.08,-0.41,,,,,,,,,,,,,,,,,,355-42-0
338,338,338,338,339,tetramethylsilane,,,88.07,26.6,-99.06,0.641,,718,1.3587,3.24,,1.921,0.0,0.02,-0.09,,,,,,,,,,,,,,,,,,75-76-3
339,339,339,339,340,thiane,,,102.05,,,,,,,,,,0.0,0.36,0.61,,,,,,,,,,,,,,,,,,1613-51-0
340,340,340,340,341,thiolane,,,88.03,120,-96.2,1.0,,,1.5048,1.8,,,0.0,0.44,0.62,,,,,,,,,,,,,,,,,,110-01-0
341,341,341,341,342,thiolane-1-oxide,,,104.03,,,,,,,,,,0.0,0.81,1.06,,,,,,,,,,,,,,,,,,1600-44-8
342,342,342,342,343,"trans-1,2-dichloroethene",,,95.95,55,-49.8,1.27,0.41,331,1.4454,2.0,,,0.0,0.0,0.44,,,,,,,,,,,,,,,,,,156-60-5
343,343,343,343,344,tributylamine,,,185.21,216.5,-70,0.78,0.73,0.0934,1.4299,1.52,,,0.0,0.62,0.16,,,,,,,,,,,,,,,,,,102-82-9
344,344,344,344,345,"2,4-dimethylpentan-3-one",,,114.1,125.4,-69,,,,,1.86,,,,,,,,,,,,,,,,,,,,,,,565-80-0
345,345,345,345,346,2-methylpentane,,,86.11,60,-153,0.6555,,211,1.3715,3.2,,,,,,,,,,,,,,,,,,,,,,,73513-42-5
346,346,346,346,347,"3,3-dimethylbutan-2-one",,,100.09,106.1,-52.5,0.7229,,31.5,1.3952,1.2,,12.8,,,,,,,,,,,,,,,,,,,,,75-97-8
347,347,347,347,348,2-(2-hydroxyethoxy)ethanol,,,106.06,245,-6.5,1.12,0.3,0.005,1.4472,-1.47,,,,,,,,,,,,,,,,,,,,,,,111-46-6
348,348,348,348,349,1-ethoxy-2-(2-ethoxyethoxy)ethane,,,162.13,189,-44,0.91,,0.52,1.4115,0.39,,,,,,,,,,,,,,,,,,,,,,,112-36-7
349,349,349,349,350,2-methylpropylacetate,,,116.08,118,-99,0.87,,17.8,1.3905,1.6,,,,,,,,,,,,,,,,,,,,,,,110-19-0
350,350,350,350,351,propan-2-ylacetate,,,102.07,89,-73,0.87,,,1.377,1.02,,,,,,,,,,,,,,,,,,,,,,,108-21-4
351,351,351,351,352,nonane,,,128.16,150.8,-51,0.72,0.6696,4.45,1.4058,5.65,,,,,,,,,,,,,,,,,,,,,,,111-84-2
352,352,352,352,354,pentan-3-ol,,,88.09,116,-8,0.8,,,,1.21,,,,,,,,,,,,,,,,,,,,,,,584-02-1
353,353,353,353,355,2-[2-[2-(2-hydroxyethoxy)ethoxy]ethoxy]ethanol,,,194.12,327.3,-9.4,1.12,,,1.4577,,,,,,,,,,,,,,,,,,,,,,,,112-60-7
354,354,354,354,356,2-[2-(2-hydroxyethoxy)ethoxy]ethanol,,,150.09,285,2,1.1,47.8,,1.4531,-1.57,,,,,,,,,,,,,,,,,,,,,,,112-27-6
355,355,355,355,357,"1,2-bis(2-methoxyethoxy)ethane",,,178.12,216,-45,0.99,,,,-0.48,,,,,,,,,,,,,,,,,,,,,,,112-49-2
356,356,356,356,364,2-methylcyclohexan-1-one,,,112.09,165.1,-14,0.93,,,1.447,,,,,,,,,,,,,,,,,,,,,,,,583-60-8
357,357,357,357,365,ethyl3-oxobutanoate,,,130.06,180.8,-45,1.025,,,1.4195,0.27,,15.9,,,,,,,,,,,,,,,,,,,,,141-97-9
358,358,358,358,366,2-methylpyridine,,,93.06,128.5,-70,0.95,,11.2,1.4957,1.1,,,,,,,,,,,,,,,,,,,,,,,109-06-8
359,359,359,359,372,"2,2,2-trifluoroaceticacid",,,113.99,72,-15,1.5,,,1.285,-2.1,,39.0,,,,,,,,,,,,,,,,,,,,,76-05-1
360,360,360,360,378,"(2,2-dimethyl-1,3-dioxolan-4-yl)methanol",,,132.08,188.5,-26.4,1.06,,,,,,,,,,,,,,,,,,,,,,,,,,,36543-79-0
361,361,361,361,379,(4r)-1-methyl-4-prop-1-en-2-ylcyclohexene,,,136.13,178,-74,0.8405,,1.98,1.474,4.2,,,,,,,,,,,,,,,,,,,,,,,5989-27-5
362,362,362,362,382,"(z)-1,2-dichloroethene",,,95.95,55,-80,1.27,,200,1.4435,2.0,,,,,,,,,,,,,,,,,,,,,,,156-59-2
363,363,363,363,383,hexan-2-one,,,100.09,127,-57,0.81,0.62,11.6,1.4024,1.38,,,,,,,,,,,,,,,,,,,,,,,591-78-6
364,364,364,364,384,propylformate,,,88.05,81,-92.9,0.9,,,1.3765,0.83,,7.9,,,,,,,,,,,,,,,,,,,,,110-74-7
365,365,365,365,385,dimethylhexanedioate,,,174.09,109.5,8,1.063,,,1.4285,1.03,,,,,,,,,,,,,,,,,,,,,,,627-93-0
366,366,366,366,386,3-methylbutylacetate,,,130.1,142,-79,0.87,0.872,5.6,1.402,2.13,,,,,,,,,,,,,,,,,,,,,,,123-92-2
367,367,367,367,387,2-acetyloxyethylacetate,,,146.06,190.5,-31,1.104,,0.0774,1.415,0.24,,,,,,,,,,,,,,,,,,,,,,,111-55-7
368,368,368,368,388,trimethoxymethane,,,106.06,100.6,,0.9676,,,1.3773,,,,,,,,,,,,,,,,,,,,,,,,149-73-5
369,369,369,369,391,"pentane-2,4-dione",,,100.05,140,-23,0.975,,,1.4494,0.4,,,,,,,,,,,,,,,,,,,,,,,123-54-6
370,370,370,370,392,ethylcyclohexane,,,112.13,,,0.788,,,,,,,,,,,,,,,,,,,,,,,,,,,1678-91-7
371,371,371,371,394,methylpropanoate,,,88.05,80,-88,0.915,,,1.3765,0.82,,5.4,,,,,,,,,,,,,,,,,,,,,554-12-1
372,372,372,372,395,methylbutanoate,,,102.07,102.5,-95,0.8945,,,1.388,1.29,,5.6,,,,,,,,,,,,,,,,,,,,,623-42-7
373,373,373,373,396,nonan-5-one,,,142.14,188.4,-3.8,0.8217,,0.552,1.4195,2.88,,,,,,,,,,,,,,,,,,,,,,,502-56-7
374,374,374,374,398,pyrimidine,,,80.04,,22,,,,,-0.4,,,,,,,,,,,,,,,,,,,,,,,25247-63-6
375,375,375,375,400,cyclopentane,,,70.08,49,-94,0.75,,317.8,1.4065,3.0,,,,,,,,,,,,,,,,,,,,,,,287-92-3
376,376,376,376,401,nonan-1-ol,,,144.15,214,-5,0.827,,,1.433,3.77,,,,,,,,,,,,,,,,,,,,,,,143-08-8
377,377,377,377,405,heptan-1-ol,,,116.12,175,-34,0.8225,,0.2163,1.425,2.62,,,,,,,,,,,,,,,,,,,,,,,53535-33-4
378,378,378,378,406,hexanedinitrile,,,108.07,295,1,0.97,2.6,0.00068,1.438,-0.32,,,,,,,,,,,,,,,,,,,,,,,68411-90-5
379,379,379,379,407,pentan-1-amine,,,87.1,,,0.7545,,,1.421,,,4.6,,,,,,,,,,,,,,,,,,,,,110-58-7
380,380,380,380,408,thiophene,,,84.0,84,-38,1.06,,,1.52684,1.81,,,,,,,,,,,,,,,,,,,,,,,25233-34-5
381,381,381,381,409,1h-pyrrole,,,67.04,130.5,-24,0.96,,,1.5085,0.75,,,,,,,,,,,,,,,,,,,,,,,109-97-7
382,382,382,382,410,n-propan-2-ylpropan-2-amine,,,101.12,,,0.75,,,,,,,,,,,,,,,,,,,,,,,,,,,108-09-8
383,383,383,383,411,butylbenzene,,,134.11,183.3,-87.9,0.8601,,,1.4898,4.38,,,,,,,,,,,,,,,,,,,,,,,104-51-8
384,384,384,384,412,n-ethylaniline,,,121.09,205,-63,0.96,,,1.5559,2.16,,5.9,,,,,,,,,,,,,,,,,,,,,103-69-5
385,385,385,385,413,phenylmethanamine,,,107.07,185,10,0.98,,0.662,1.5401,1.09,,4.6,,,,,,,,,,,,,,,,,,,,,100-46-9
386,386,386,386,414,isopropylbenzene,,,120.09,152,-96,0.86,,4.5,1.4915,3.66,,,,,,,,,,,,,,,,,,,,,,,98-82-8
387,387,387,387,415,methylcyclopentane,,,84.09,71.8,-139.8,0.7486,,138,1.4097,3.37,,,,,,,,,,,,,,,,,,,,,,,5310-57-6
388,388,388,388,416,methylbenzoate,,,136.05,199,-12,1.0855,,0.38,1.5165,2.12,,6.6,,,,,,,,,,,,,,,,,,,,,93-58-3
389,389,389,389,417,2-methylpropanoicacid,,,88.05,153.5,-47,0.946,,1.81,1.3935,0.88,,2.7,,,,,,,,,,,,,,,,,,,,,79-31-2
390,390,390,390,418,"1,1,2-trichloroethane",,,131.93,114,-36,1.44,1.69,23,1.4711,2.35,,,,,,,,,,,,,,,,,,,,,,,79-00-5
391,391,391,391,419,2-methylpropan-1-amine,,,73.09,68.5,-85,0.734,,138,1.394,0.73,,4.5,,,,,,,,,,,,,,,,,,,,,78-81-9
392,392,392,392,420,"1,1,1,2,2-pentachloroethane",,,199.85,162,-29,1.68,,3.5,1.5025,3.67,,,,,,,,,,,,,,,,,,,,,,,76-01-7
393,393,393,393,421,2-methylpropan-2-amine,,,73.09,45,-72.65,0.6958,,372,1.3784,0.4,,,,,,,,,,,,,,,,,,,,,,,75-64-9
394,394,394,394,423,"propane-1,2-diol",,,76.05,188.2,-59,1.04,0.581,,1.4324,-0.92,,,,,,,,,,,,,,,,,,,,,,,57-55-6
395,395,395,395,424,1-acetyloxypropan-2-ylacetate,,,160.07,190,-31,1.058,,,1.414,0.8,,,,,,,,,,,,,,,,,,,,,,,623-84-7
396,396,396,396,428,(4-methylcyclohexyl)methanol,,,128.21,75,,0.9074,19.0,2.55,,,,,,,,,,,,,,,,,,,,,,,,,34885-03-5
397,397,397,397,429,trimethyl-trimethylsilyloxysilane,,,162.09,99,-66,0.7638,,,1.3774,4.2,,,,,,,,,,,,,,,,,,,,,,,107-46-0
398,398,398,398,430,dimethyl-bis(trimethylsilyloxy)silane,,,236.11,,,0.94,,,1.399,,,2.3,,,,,,,,,,,,,,,,,,,,,107-51-7
399,399,399,399,432,"2,2,4,4,6,6,8,8-octamethyl-1,3,5,7,2,4,6,8-tetraoxatetrasilocane",,,296.08,175,17.5,0.96,,1.05,1.3968,6.74,,,,,,,,,,,,,,,,,,,,,,,556-67-2
400,400,400,400,433,"2,2,4,4,6,6,8,8,10,10-decamethyl-1,3,5,7,9,2,4,6,8,10-pentaoxapentasilecane",,,370.09,210,-38,0.9593,,0.3,1.3982,8.06,,,,,,,,,,,,,,,,,,,,,,,541-02-6
401,401,401,401,434,2-(2-hexoxyethoxy)ethanol,,,190.16,259.1,-33.3,0.935,8.6,,,1.7,,,,,,,,,,,,,,,,,,,,,,,112-59-4
402,402,402,402,435,2-(2-ethoxyethoxy)ethanol,,,134.09,199,-76,0.99,3.85,,1.4273,-0.15,,,,,,,,,,,,,,,,,,,,,,,111-90-0
403,403,403,403,436,2-(2-bu-xyethoxy)ethylacetate,,,204.14,246,-32,0.985,,,1.4262,2.9,,,,,,,,,,,,,,,,,,,,,,,124-17-4
404,404,404,404,437,2-propoxyethanol,,,104.08,150.5,-90,0.91,,2.9,1.412,0.08,,,,,,,,,,,,,,,,,,,,,,,2807-30-9
405,405,405,405,439,1-methoxypropan-2-ylacetate,,,132.08,146,-66,0.969,,3.92,,0.56,,,,,,,,,,,,,,,,,,,,,,,108-65-6
406,406,406,406,440,1-propoxypropan-2-ol,,,118.1,150.2,,0.8886,,2.2125,1.413,,,,,,,,,,,,,,,,,,,,,,,,1569-01-3
407,407,407,407,446,ethyl3-ethoxypropanoate,,,146.09,168.5,,0.95,,,,,,,,,,,,,,,,,,,,,,,,,,,763-69-9
408,408,408,408,447,"(3-hydroxy-2,2,4-trimethylpentyl)2-methylpropanoate",,,216.17,257.5,-50,0.95,,,,3.47,,,,,,,,,,,,,,,,,,,,,,,77-68-9
409,409,409,409,448,2-[2-(2-bu-xyethoxy)ethoxy]ethanol,,,206.15,278,-35,0.98,,0.0025,1.4389,0.02,,,,,,,,,,,,,,,,,,,,,,,143-22-6
410,410,410,410,450,"1,3-diacetyloxypropan-2-ylacetate",,,218.08,258,3,1.1565,,248,1.428,0.21,,,,,,,,,,,,,,,,,,,,,,,102-76-1
